jogo;data_jogo;idade;cod_equipe;cod_equipe_opont;resultado;diff_pts;minutos;2pts;2pts_at;2pts_pct;3pts;3pts_at;3pts_pct;LL;LL_at;LL_pct;Reb_Of;Reb_Def;Reb_Tot;Ast;Stl;Blk;Turnv;Pts;Game_Score
1;26/10/1984;21-252;6;39;W ;(+16);40;5;16;0.313;0;0;;6;7;0.857;1;5;6;7;2;4;5;16;12.5
2;27/10/1984;21-253;6;20;L ;(-2);34;8;13;0.615;0;0;;5;5;1;3;2;5;5;2;1;3;21;19.4
3;29/10/1984;21-255;6;20;W ;(+6);34;13;24;0.542;0;0;;11;13;0.846;2;2;4;5;6;2;3;37;32.9
4;30/10/1984;21-256;6;15;W ;(+5);36;8;21;0.381;0;0;;9;9;1;2;2;4;5;3;1;6;25;14.7
5;01/11/1984;21-258;6;10;L ;(-16);33;7;15;0.467;0;0;;3;4;0.75;3;2;5;5;1;1;2;17;13.2
6;07/11/1984;21-264;6;11;W ;(+4);27;9;19;0.474;0;0;;7;9;0.778;1;3;4;3;3;1;5;25;14.9
7;08/11/1984;21-265;6;26;W ;(+15);33;15;22;0.682;0;0;;3;4;0.75;4;4;8;5;3;2;5;33;29.3
8;10/11/1984;21-267;6;14;W ;(+2);42;9;22;0.409;0;0;;9;12;0.75;2;7;9;4;2;5;3;27;21.2
9;13/11/1984;21-270;6;33;W ;(+3);43;18;27;0.667;1;1;1;8;11;0.727;2;8;10;4;3;2;4;45;37.5
10;15/11/1984;21-272;6;2;L ;(-20);33;12;24;0.5;0;1;0;3;3;1;0;2;2;2;2;1;1;27;17.1
11;17/11/1984;21-274;6;29;L ;(-9);44;4;17;0.235;0;0;;8;8;1;0;5;5;7;5;2;4;16;12.5
12;19/11/1984;21-276;6;14;L ;(-17);39;11;26;0.423;0;3;0;12;16;0.75;2;3;5;2;2;1;3;34;20.8
13;21/11/1984;21-278;6;20;L ;(-10);42;11;22;0.5;0;0;;13;14;0.929;4;9;13;2;2;2;6;35;26.7
14;23/11/1984;21-280;6;34;W ;(+19);30;9;13;0.692;0;0;;5;6;0.833;0;4;4;3;4;1;4;23;19.5
15;24/11/1984;21-281;6;31;L ;(-10);41;10;24;0.417;0;1;0;10;10;1;3;3;6;8;3;1;4;30;23.9
16;27/11/1984;21-284;6;12;L ;(-6);24;6;10;0.6;0;0;;1;1;1;0;2;2;3;3;2;4;13;11.1
17;29/11/1984;21-286;6;30;L ;(-5);30;9;17;0.529;1;1;1;3;4;0.75;1;2;3;2;2;0;2;22;14
18;30/11/1984;21-287;6;16;W ;(+4);37;9;15;0.6;0;0;;2;4;0.5;2;3;5;5;3;0;4;20;15.5
19;02/12/1984;21-289;6;17;W ;(+1);42;7;13;0.538;0;0;;6;8;0.75;2;0;2;3;1;1;4;20;12.9
20;04/12/1984;21-291;6;22;W ;(+15);35;7;13;0.538;0;0;;6;6;1;1;2;3;6;1;0;3;20;16
21;07/12/1984;21-294;6;26;W ;(+2);43;8;16;0.5;0;1;0;5;7;0.714;1;1;2;3;2;0;6;21;9.3
22;08/12/1984;21-295;6;9;W ;(+2);35;10;23;0.435;0;0;;0;0;;4;3;7;2;0;2;2;20;11.2
23;11/12/1984;21-298;6;11;L ;(-7);37;13;28;0.464;0;1;0;1;3;0.333;1;7;8;6;2;0;3;27;16.2
24;12/12/1984;21-299;6;11;L ;(-7);30;6;17;0.353;0;2;0;9;10;0.9;0;1;1;2;2;1;1;21;12.5
25;14/12/1984;21-301;6;22;L ;(-2);44;12;25;0.48;0;0;;10;10;1;2;6;8;8;1;0;0;34;29.5
26;15/12/1984;21-302;6;29;L ;(-12);27;7;16;0.438;0;0;;0;0;;1;1;2;2;1;0;1;14;7.2
27;18/12/1984;21-305;6;13;L ;(-8);45;8;20;0.4;0;1;0;2;4;0.5;1;2;3;8;3;0;1;18;14.5
28;20/12/1984;21-307;6;1;W ;(+3);41;12;22;0.545;0;0;;10;16;0.625;4;4;8;7;5;1;7;34;26.6
29;22/12/1984;21-309;6;2;W ;(+25);35;12;18;0.667;0;0;;8;8;1;1;11;12;8;0;3;3;32;31.7
30;27/12/1984;21-314;6;8;W ;(+4);44;20;33;0.606;0;1;0;5;5;1;2;5;7;11;3;0;3;45;40.1
31;29/12/1984;21-316;6;1;L ;(-3);39;7;18;0.389;0;0;;7;9;0.778;1;3;4;5;0;0;3;21;10.1
32;02/01/1985;21-320;6;1;L ;(-14);34;10;14;0.714;0;0;;5;6;0.833;1;6;7;4;3;0;4;25;22.3
33;04/01/1985;21-322;6;20;W ;(+5);38;9;16;0.563;0;1;0;4;5;0.8;0;2;2;6;3;0;0;22;20.2
34;05/01/1985;21-323;6;26;L ;(-6);42;16;25;0.64;0;0;;10;11;0.909;4;3;7;4;2;1;3;42;35.5
35;09/01/1985;21-327;6;2;L ;(-3);42;12;24;0.5;0;0;;12;13;0.923;4;2;6;6;2;1;4;36;28.3
36;11/01/1985;21-329;6;26;W ;(+16);30;8;14;0.571;0;0;;7;7;1;2;4;6;5;2;0;5;23;18.3
37;12/01/1985;21-330;6;8;L ;(-3);36;10;21;0.476;0;1;0;4;6;0.667;4;8;12;3;1;0;3;24;15.8
38;14/01/1985;21-332;6;10;W ;(+9);43;11;16;0.688;0;0;;13;15;0.867;2;12;14;15;3;1;6;35;39.4
39;16/01/1985;21-334;6;22;L ;(-6);44;8;17;0.471;0;1;0;11;12;0.917;1;6;7;7;2;0;6;27;20.1
40;17/01/1985;21-335;6;8;W ;(+5);40;8;20;0.4;0;0;;9;12;0.75;0;4;4;6;2;2;3;25;17.2
41;19/01/1985;21-337;6;14;L ;(-3);41;15;27;0.556;2;4;0.5;6;8;0.75;2;10;12;7;3;2;2;38;34
42;22/01/1985;21-340;6;31;W ;(+8);39;11;20;0.55;0;1;0;7;7;1;1;11;12;5;2;0;4;29;23.3
43;25/01/1985;21-343;6;34;W ;(+17);37;6;15;0.4;0;1;0;10;10;1;2;2;4;8;4;2;1;22;24.7
44;26/01/1985;21-344;6;1;W ;(+13);43;17;24;0.708;0;0;;11;11;1;1;7;8;10;0;4;5;45;41.4
45;29/01/1985;21-347;6;15;W ;(+6);38;11;17;0.647;0;0;;4;6;0.667;0;7;7;7;3;0;1;26;25.5
46;30/01/1985;21-348;6;39;L ;(-11);41;12;19;0.632;0;0;;14;15;0.933;0;7;7;8;4;0;4;38;35.6
47;01/02/1985;21-350;6;29;L ;(-11);37;9;16;0.563;0;2;0;13;14;0.929;0;6;6;5;2;0;3;31;25.3
48;05/02/1985;21-354;6;2;L ;(-4);45;14;25;0.56;0;1;0;13;14;0.929;4;8;12;7;4;1;1;41;40.1
49;07/02/1985;21-356;6;8;L ;(-9);38;8;17;0.471;0;0;;7;8;0.875;3;1;4;7;4;0;7;23;15.8
50;12/02/1985;21-361;6;11;W ;(+13);45;19;31;0.613;0;0;;11;13;0.846;7;8;15;5;4;0;6;49;40.9
51;15/02/1985;21-364;6;14;L ;(-18);37;8;20;0.4;0;1;0;1;2;0.5;1;6;7;6;0;2;4;17;9.5
52;17/02/1985;22-000;6;20;L ;(-20);34;9;15;0.6;0;0;;8;8;1;2;1;3;3;2;1;5;26;20.2
53;19/02/1985;22-002;6;17;L ;(-10);30;6;13;0.462;0;2;0;4;5;0.8;4;2;6;8;0;0;3;16;12.9
54;22/02/1985;22-005;6;2;L ;(-10);42;8;18;0.444;0;0;;10;12;0.833;1;3;4;7;3;0;3;26;21.1
55;23/02/1985;22-006;6;12;W ;(+15);32;15;20;0.75;0;0;;8;8;1;1;4;5;5;3;0;0;38;36.8
56;26/02/1985;22-009;6;8;L ;(-5);48;12;27;0.444;0;1;0;4;4;1;3;6;9;5;0;0;1;28;18.7
57;27/02/1985;22-010;6;11;L ;(-9);35;8;17;0.471;0;1;0;8;9;0.889;1;5;6;2;4;1;4;24;18
58;01/03/1985;22-012;6;26;W ;(+5);38;6;15;0.4;0;0;;9;12;0.75;2;8;10;10;3;0;7;21;17.7
59;03/03/1985;22-014;6;22;L ;(-4);41;13;21;0.619;0;0;;11;12;0.917;6;8;14;5;3;1;3;37;37.1
60;05/03/1985;22-016;6;39;W ;(+5);44;12;23;0.522;0;0;;13;17;0.765;2;7;9;8;2;1;2;37;32.7
61;06/03/1985;22-017;6;2;W ;(+3);42;13;28;0.464;0;0;;7;7;1;2;5;7;3;5;2;5;33;24.2
62;08/03/1985;22-019;6;16;W ;(+16);28;7;13;0.538;1;2;0.5;11;14;0.786;2;6;8;7;0;1;1;26;25.1
63;09/03/1985;22-020;6;36;L ;(-6);38;9;21;0.429;1;1;1;9;16;0.563;2;4;6;4;5;0;6;28;16.5
64;11/03/1985;22-022;6;39;L ;(-7);34;6;14;0.429;0;0;;9;10;0.9;1;3;4;4;0;0;4;21;12.8
65;12/03/1985;22-023;6;11;W ;(+1);39;11;24;0.458;0;1;0;10;11;0.909;3;5;8;4;1;0;5;32;20.8
66;14/03/1985;22-025;6;26;L ;(-9);34;5;18;0.278;0;0;;6;11;0.545;1;2;3;8;1;0;1;16;9.1
67;15/03/1985;22-026;6;30;W ;(+6);42;11;15;0.733;0;0;;5;6;0.833;1;8;9;14;2;2;6;27;29.6
68;17/03/1985;22-028;6;20;W ;(+2);48;11;25;0.44;0;3;0;10;13;0.769;6;5;11;16;1;1;3;32;31.3
69;19/03/1985;22-030;6;13;L ;(-6);42;11;22;0.5;0;0;;9;10;0.9;2;2;4;7;2;1;7;31;21
70;20/03/1985;22-031;6;33;L ;(-8);43;14;23;0.609;0;1;0;10;12;0.833;3;4;7;4;3;0;2;38;31.8
71;23/03/1985;22-034;6;9;W ;(+10);43;5;17;0.294;0;0;;10;10;1;3;6;9;10;2;1;1;20;22.3
72;24/03/1985;22-035;6;36;L ;(-18);35;9;24;0.375;0;0;;8;11;0.727;3;6;9;6;4;2;3;26;21.3
73;26/03/1985;22-037;6;14;W ;(+1);40;13;24;0.542;0;1;0;12;13;0.923;4;5;9;5;3;0;3;38;31.8
74;28/03/1985;22-039;6;8;L ;(-8);41;11;25;0.44;1;3;0.333;12;14;0.857;4;4;8;10;2;0;2;35;30.5
75;30/03/1985;22-041;6;29;L ;(-5);42;13;19;0.684;1;1;1;11;13;0.846;2;3;5;6;1;0;3;38;33.2
76;02/04/1985;22-044;6;22;W ;(+14);44;12;19;0.632;0;0;;7;8;0.875;5;3;8;9;3;0;7;31;28.4
77;03/04/1985;22-045;6;39;W ;(+9);40;12;19;0.632;0;1;0;1;3;0.333;1;5;6;3;4;0;2;25;20
78;05/04/1985;22-047;6;29;L ;(-3);38;13;21;0.619;0;1;0;14;15;0.933;0;1;1;5;3;0;2;40;32.5
79;06/04/1985;22-048;6;1;W ;(+3);43;12;18;0.667;0;0;;9;9;1;2;5;7;4;3;2;7;33;26.7
80;08/04/1985;22-050;6;14;L ;(-4);39;6;20;0.3;0;1;0;10;14;0.714;2;6;8;5;3;0;5;22;12.7
81;12/04/1985;22-054;6;1;L ;(-11);36;11;16;0.688;0;1;0;6;7;0.857;2;1;3;6;5;0;7;28;23.5
82;13/04/1985;22-055;6;22;L ;(-12);40;9;24;0.375;1;5;0.2;10;11;0.909;2;0;2;9;1;0;4;29;18.9
1;25/10/1985;22-250;6;8;W ;(+1);39;13;26;0.5;0;0;;3;4;0.75;3;3;6;3;3;0;3;29;18.7
2;26/10/1985;22-251;6;11;W ;(+3);41;9;24;0.375;0;0;;15;16;0.938;2;5;7;6;2;3;6;33;22.6
3;29/10/1985;22-254;6;12;W ;(+6);18;6;10;0.6;0;0;;0;0;;0;2;2;2;0;0;1;12;8
4;15/03/1986;23-026;6;20;L ;(-9);13;4;7;0.571;0;0;;4;7;0.571;0;1;1;2;1;0;1;12;8.4
5;17/03/1986;23-028;6;1;L ;(-10);14;4;16;0.25;0;1;0;9;10;0.9;3;1;4;1;7;1;1;17;16.8
6;19/03/1986;23-030;6;29;L ;(-6);15;4;14;0.286;0;2;0;4;6;0.667;4;0;4;3;2;2;1;12;9.9
7;21/03/1986;23-032;6;2;L ;(-21);16;7;16;0.438;0;1;0;6;7;0.857;2;0;2;1;0;1;1;20;11.8
8;22/03/1986;23-033;6;8;L ;(-26);16;4;13;0.308;0;0;;0;1;0;1;0;1;1;0;0;1;8;-0.3
9;25/03/1986;23-036;6;26;W ;(+13);19;5;12;0.417;0;1;0;9;9;1;1;2;3;3;1;0;2;19;13.8
10;28/03/1986;23-039;6;22;L ;(-11);22;9;15;0.6;0;0;;4;6;0.667;0;1;1;3;5;0;3;22;17.1
11;29/03/1986;23-040;6;26;W ;(+10);23;10;17;0.588;0;1;0;4;6;0.667;1;0;1;1;1;3;4;24;15
12;01/04/1986;23-043;6;20;L ;(-9);26;8;16;0.5;0;1;0;12;12;1;1;4;5;2;1;3;1;28;24.6
13;03/04/1986;23-045;6;14;W ;(+1);28;12;19;0.632;0;0;;2;4;0.5;1;4;5;3;3;2;3;26;21.7
14;05/04/1986;23-047;6;1;W ;(+5);31;10;21;0.476;2;3;0.667;8;9;0.889;1;2;3;3;1;1;4;30;19.6
15;07/04/1986;23-049;6;20;W ;(+6);31;10;18;0.556;1;3;0.333;5;5;1;1;4;5;7;1;3;2;26;24.1
16;08/04/1986;23-050;6;1;L ;(-13);33;12;25;0.48;0;2;0;6;6;1;1;5;6;6;2;1;7;30;18.6
17;11/04/1986;23-053;6;39;W ;(+2);37;12;36;0.333;0;1;0;7;10;0.7;1;4;5;2;3;1;2;31;12.4
18;13/04/1986;23-055;6;8;L ;(-7);29;11;23;0.478;0;2;0;7;7;1;0;3;3;4;4;0;2;29;21.4
1;01/11/1986;23-257;6;26;W ;(+5);41;15;31;0.484;0;0;;20;22;0.909;2;4;6;3;4;3;6;50;37.5
2;02/11/1986;23-258;6;8;W ;(+5);39;16;31;0.516;0;0;;9;12;0.75;6;2;8;2;0;4;3;41;29.3
3;04/11/1986;23-260;6;33;W ;(+7);44;14;31;0.452;0;1;0;6;13;0.462;3;5;8;5;4;2;6;34;20.8
4;07/11/1986;23-263;6;11;L ;(-6);42;11;26;0.423;0;1;0;11;15;0.733;0;0;0;5;1;1;3;33;18.2
5;08/11/1986;23-264;6;30;W ;(+5);39;17;27;0.63;0;0;;5;5;1;3;3;6;3;5;0;3;39;33.2
6;11/11/1986;23-267;6;1;W ;(+2);39;14;32;0.438;0;0;;6;6;1;4;1;5;3;1;3;5;34;18.9
7;12/11/1986;23-268;6;39;L ;(-2);39;9;25;0.36;0;1;0;10;12;0.833;0;4;4;4;3;1;4;28;15.4
8;14/11/1986;23-270;6;2;L ;(-12);41;17;33;0.515;1;1;1;13;14;0.929;2;3;5;1;2;1;0;48;35.8
9;21/11/1986;23-277;6;26;W ;(+2);40;14;26;0.538;0;0;;12;15;0.8;1;5;6;4;3;2;2;40;32.8
10;22/11/1986;23-278;6;39;W ;(+9);39;10;26;0.385;0;0;;2;3;0.667;2;7;9;4;3;1;3;22;13.2
11;26/11/1986;23-282;6;10;L ;(-2);41;13;31;0.419;0;0;;11;14;0.786;2;7;9;3;1;3;2;37;24
12;28/11/1986;23-284;6;17;L ;(-7);45;19;43;0.442;0;1;0;3;4;0.75;8;2;10;3;1;1;3;41;23.5
13;29/11/1986;23-285;6;12;L ;(-7);42;11;30;0.367;0;1;0;18;19;0.947;3;2;5;6;4;0;2;40;30.7
14;02/12/1986;23-288;6;34;W ;(+6);48;13;30;0.433;0;0;;14;15;0.933;5;4;9;6;3;6;4;40;34.7
15;03/12/1986;23-289;6;36;L ;(-5);40;17;33;0.515;0;2;0;11;13;0.846;0;3;3;3;6;1;2;45;34.4
16;05/12/1986;23-291;6;30;L ;(-2);41;15;37;0.405;0;0;;13;17;0.765;2;2;4;2;3;1;1;43;27.2
17;06/12/1986;23-292;6;33;L ;(-9);44;18;38;0.474;0;2;0;7;7;1;5;0;5;3;1;1;2;43;27.3
18;09/12/1986;23-295;6;10;W ;(+6);42;16;30;0.533;0;0;;8;9;0.889;2;4;6;6;3;4;3;40;33.4
19;10/12/1986;23-296;6;1;L ;(-28);39;15;25;0.6;0;0;;11;12;0.917;2;2;4;4;3;0;3;41;32.7
20;12/12/1986;23-298;6;20;W ;(+13);39;16;24;0.667;0;0;;9;11;0.818;0;5;5;3;2;0;2;41;31.4
21;13/12/1986;23-299;6;20;L ;(-23);31;3;17;0.176;0;0;;5;8;0.625;0;4;4;2;0;1;2;11;-0.4
22;16/12/1986;23-302;6;22;W ;(+1);37;13;29;0.448;0;1;0;15;18;0.833;2;3;5;1;0;0;4;41;21.7
23;18/12/1986;23-304;6;14;W ;(+9);39;15;27;0.556;0;0;;11;12;0.917;2;1;3;6;0;1;2;41;31.5
24;20/12/1986;23-306;6;36;L ;(-2);38;10;26;0.385;0;0;;7;8;0.875;0;4;4;7;2;4;5;27;17.1
25;23/12/1986;23-309;6;8;W ;(+16);35;18;33;0.545;0;1;0;7;7;1;4;1;5;6;2;0;3;43;32.6
26;25/12/1986;23-311;6;26;L ;(-1);41;10;28;0.357;0;0;;10;12;0.833;1;2;3;5;6;2;6;30;19.4
27;27/12/1986;23-313;6;14;W ;(+12);36;20;29;0.69;0;0;;4;4;1;2;2;4;3;0;2;4;44;32.8
28;30/12/1986;23-316;6;12;L ;(-3);40;12;27;0.444;2;3;0.667;5;7;0.714;1;4;5;3;4;0;2;31;20.5
29;02/01/1987;23-319;6;2;L ;(-14);40;13;31;0.419;0;1;0;8;10;0.8;6;2;8;3;1;0;2;34;21.8
30;03/01/1987;23-320;6;11;W ;(+5);38;16;35;0.457;0;2;0;15;17;0.882;1;3;4;2;1;0;1;47;29.5
31;06/01/1987;23-323;6;8;W ;(+4);38;13;23;0.565;0;0;;1;3;0.333;0;2;2;3;2;0;3;27;15
32;08/01/1987;23-325;6;31;W ;(+4);43;20;34;0.588;0;0;;13;16;0.813;3;1;4;5;3;2;3;53;42.1
33;10/01/1987;23-327;6;22;W ;(+10);36;8;24;0.333;0;0;;15;15;1;1;6;7;5;2;1;4;31;20.9
34;15/01/1987;23-332;6;13;L ;(-11);43;17;43;0.395;1;4;0.25;8;9;0.889;1;2;3;3;2;1;2;43;22.6
35;17/01/1987;23-334;6;29;W ;(+16);44;17;34;0.5;0;0;;13;14;0.929;5;5;10;6;4;1;4;47;38.7
36;19/01/1987;23-336;6;14;L ;(-14);41;11;25;0.44;1;1;1;9;11;0.818;4;2;6;3;0;0;5;32;16.6
37;20/01/1987;23-337;6;20;W ;(+13);39;11;22;0.5;0;0;;9;10;0.9;2;5;7;2;2;1;3;31;22.8
38;23/01/1987;23-340;6;8;W ;(+21);37;14;28;0.5;1;1;1;6;6;1;1;1;2;2;3;0;3;35;23
39;24/01/1987;23-341;6;8;L ;(-30);27;11;20;0.55;0;0;;5;6;0.833;0;0;0;1;1;0;1;27;16.1
40;27/01/1987;23-344;6;2;L ;(-8);40;13;34;0.382;0;2;0;4;6;0.667;1;4;5;6;2;0;5;30;12.9
41;28/01/1987;23-345;6;2;L ;(-29);37;11;23;0.478;0;2;0;5;8;0.625;1;3;4;4;1;1;6;27;13
42;30/01/1987;23-347;6;29;L ;(-9);41;19;35;0.543;0;4;0;11;12;0.917;1;1;2;5;3;2;4;49;35
43;01/02/1987;23-349;6;11;L ;(-2);44;14;39;0.359;1;5;0.2;9;9;1;4;1;5;5;5;0;2;38;23.9
44;03/02/1987;23-351;6;39;W ;(+7);43;12;28;0.429;0;1;0;8;9;0.889;3;3;6;6;0;2;5;32;19.2
45;05/02/1987;23-353;6;20;L ;(-15);44;12;24;0.5;0;0;;12;13;0.923;2;5;7;5;2;2;3;36;29.6
46;10/02/1987;23-358;6;29;W ;(+5);41;11;22;0.5;0;0;;7;9;0.778;2;1;3;4;3;1;4;29;19.8
47;13/02/1987;23-361;6;34;W ;(+8);41;14;28;0.5;0;0;;17;19;0.895;0;3;3;6;2;2;1;45;36.5
48;14/02/1987;23-362;6;26;W ;(+4);37;15;24;0.625;0;1;0;3;5;0.6;0;2;2;8;3;3;2;33;29.9
49;16/02/1987;23-364;6;32;L ;(-4);48;13;30;0.433;0;1;0;17;18;0.944;1;6;7;6;5;4;7;43;32.3
50;20/02/1987;24-003;6;17;L ;(-10);40;11;27;0.407;0;0;;11;12;0.917;2;0;2;5;5;2;2;33;25.8
51;22/02/1987;24-005;6;8;W ;(+4);39;16;29;0.552;0;0;;11;15;0.733;2;2;4;6;8;5;4;43;40.8
52;24/02/1987;24-007;6;1;W ;(+10);42;10;22;0.455;0;0;;14;18;0.778;3;9;12;2;5;5;2;34;32.5
53;26/02/1987;24-009;6;22;W ;(+15);37;16;25;0.64;0;0;;26;27;0.963;1;7;8;3;3;2;3;58;51.2
54;28/02/1987;24-011;6;20;W ;(+3);38;11;28;0.393;0;1;0;15;17;0.882;3;3;6;2;3;1;3;37;24.5
55;01/03/1987;24-012;6;22;L ;(-10);39;10;23;0.435;0;1;0;10;12;0.833;3;1;4;4;3;2;7;30;18.1
56;03/03/1987;24-014;6;16;W ;(+34);28;11;17;0.647;0;0;;8;9;0.889;0;3;3;8;3;2;2;30;30.6
57;04/03/1987;24-015;6;11;W ;(+5);43;22;39;0.564;0;0;;17;18;0.944;3;4;7;3;3;3;5;61;47.6
58;06/03/1987;24-017;6;26;L ;(-1);39;10;24;0.417;0;0;;7;9;0.778;3;5;8;5;8;3;4;27;25.8
59;08/03/1987;24-019;6;9;W ;(+10);44;11;28;0.393;0;1;0;11;12;0.917;3;3;6;4;5;3;1;33;28.5
60;09/03/1987;24-020;6;1;L ;(-5);42;12;26;0.462;0;1;0;7;10;0.7;2;5;7;8;3;1;3;31;24.8
61;11/03/1987;24-022;6;29;L ;(-9);44;19;34;0.559;1;1;1;10;11;0.909;4;4;8;7;2;4;6;49;38.5
62;13/03/1987;24-024;6;11;L ;(-1);36;7;22;0.318;0;0;;10;13;0.769;1;3;4;3;0;0;2;24;11.1
63;14/03/1987;24-025;6;39;L ;(-1);47;5;20;0.25;0;0;;3;3;1;1;6;7;8;4;2;7;13;7.5
64;16/03/1987;24-027;6;13;L ;(-1);43;15;28;0.536;0;1;0;14;14;1;1;3;4;5;4;0;4;44;33.5
65;17/03/1987;24-028;6;9;L ;(-18);42;7;21;0.333;1;2;0.5;6;7;0.857;0;3;3;9;0;0;3;21;11.7
66;19/03/1987;24-030;6;16;W ;(+17);41;14;23;0.609;1;1;1;11;11;1;3;4;7;3;2;4;2;40;36.1
67;21/03/1987;24-032;6;32;W ;(+15);44;13;25;0.52;0;1;0;14;15;0.933;1;2;3;5;4;0;7;40;28.3
68;22/03/1987;24-033;6;31;L ;(-2);43;14;26;0.538;0;2;0;18;20;0.9;0;1;1;6;4;0;7;46;32.9
69;24/03/1987;24-035;6;29;W ;(+2);44;22;32;0.688;0;1;0;12;15;0.8;1;6;7;3;8;0;7;56;46
70;26/03/1987;24-037;6;22;L ;(-2);43;14;30;0.467;0;0;;12;14;0.857;1;5;6;7;4;1;4;40;31.2
71;27/03/1987;24-038;6;2;L ;(-5);40;9;23;0.391;0;0;;4;5;0.8;3;4;7;7;7;1;3;22;20.8
72;29/03/1987;24-040;6;26;W ;(+19);40;13;24;0.542;0;2;0;7;9;0.778;0;1;1;8;4;1;1;33;29
73;31/03/1987;24-042;6;39;W ;(+26);34;12;18;0.667;0;0;;12;14;0.857;0;3;3;4;3;1;4;36;30
74;01/04/1987;24-043;6;14;L ;(-5);41;10;25;0.4;1;3;0.333;5;6;0.833;2;7;9;7;5;3;3;26;22.6
75;03/04/1987;24-045;6;39;L ;(-4);45;13;22;0.591;1;2;0.5;5;5;1;1;1;2;7;2;1;4;32;24.8
76;04/04/1987;24-046;6;1;L ;(-13);35;9;24;0.375;0;1;0;13;13;1;5;1;6;7;1;0;1;31;25.3
77;07/04/1987;24-049;6;11;W ;(+30);26;13;21;0.619;0;0;;13;16;0.813;2;3;5;4;4;1;3;39;35.1
78;10/04/1987;24-052;6;29;L ;(-2);50;11;31;0.355;0;1;0;12;15;0.8;3;3;6;10;3;1;3;34;25
79;12/04/1987;24-054;6;14;W ;(+21);42;19;27;0.704;0;0;;15;18;0.833;2;2;4;8;4;2;3;53;49.7
80;13/04/1987;24-055;6;20;W ;(+7);41;16;31;0.516;0;1;0;18;22;0.818;1;8;9;4;4;3;1;50;42.1
81;16/04/1987;24-058;6;1;L ;(-3);41;22;38;0.579;0;3;0;17;21;0.81;5;5;10;1;4;1;3;61;47.8
82;17/04/1987;24-059;6;2;L ;(-3);25;5;15;0.333;0;0;;7;7;1;1;3;4;8;0;2;1;17;15.3
1;07/11/1987;24-263;6;29;W ;(+10);38;15;25;0.6;0;0;;6;10;0.6;2;3;5;3;6;4;2;36;32.9
2;10/11/1987;24-266;6;1;W ;(+10);42;11;23;0.478;1;3;0.333;6;9;0.667;0;6;6;7;1;1;3;29;20.3
3;11/11/1987;24-267;6;22;W ;(+9);40;10;20;0.5;0;1;0;11;13;0.846;1;2;3;4;2;0;5;31;19.7
4;13/11/1987;24-269;6;22;W ;(+18);35;10;19;0.526;0;0;;16;17;0.941;3;4;7;5;6;1;3;36;36.4
5;14/11/1987;24-270;6;14;L ;(-1);40;14;29;0.483;0;0;;9;11;0.818;3;2;5;5;4;1;3;37;28.2
6;17/11/1987;24-273;6;39;W ;(+4);36;10;18;0.556;0;0;;6;6;1;0;3;3;7;2;1;3;26;21.7
7;18/11/1987;24-274;6;39;W ;(+2);40;9;21;0.429;0;1;0;12;12;1;1;2;3;8;3;1;2;30;26.3
8;20/11/1987;24-276;6;1;W ;(+2);40;10;22;0.455;0;0;;13;14;0.929;0;7;7;7;4;4;2;33;31.8
9;21/11/1987;24-277;6;11;L ;(-12);44;17;38;0.447;0;2;0;15;17;0.882;2;4;6;8;6;1;4;49;36.9
10;23/11/1987;24-279;6;2;W ;(+5);41;12;26;0.462;0;0;;7;10;0.7;4;6;10;3;4;0;5;31;20.1
11;25/11/1987;24-281;6;20;W ;(+2);39;13;24;0.542;0;1;0;7;8;0.875;1;2;3;6;3;1;1;33;27.2
12;27/11/1987;24-283;6;9;L ;(-1);45;8;20;0.4;0;1;0;9;9;1;1;5;6;9;3;1;3;25;22.6
13;28/11/1987;24-284;6;13;W ;(+12);41;12;22;0.545;0;1;0;10;10;1;3;4;7;6;4;2;7;34;27.7
14;01/12/1987;24-287;6;12;W ;(+1);40;6;15;0.4;0;0;;4;6;0.667;0;6;6;9;3;1;3;16;15.1
15;02/12/1987;24-288;6;36;W ;(+4);39;17;27;0.63;0;0;;13;16;0.813;2;2;4;9;3;3;2;47;43.5
16;04/12/1987;24-290;6;10;L ;(-16);35;9;15;0.6;1;1;1;4;5;0.8;1;3;4;5;4;0;4;23;19.2
17;05/12/1987;24-291;6;33;L ;(-9);40;15;22;0.682;0;2;0;10;12;0.833;1;1;2;8;1;0;6;40;30.2
18;08/12/1987;24-294;6;29;L ;(-13);42;14;26;0.538;0;1;0;5;6;0.833;1;4;5;10;3;3;7;33;25.4
19;10/12/1987;24-296;6;20;W ;(+6);40;11;18;0.611;0;0;;10;11;0.909;1;6;7;4;3;1;3;32;28.6
20;12/12/1987;24-298;6;13;W ;(+9);40;16;28;0.571;0;0;;12;12;1;0;3;3;9;5;5;3;44;42.3
21;15/12/1987;24-301;6;11;L ;(-4);50;12;26;0.462;1;2;0.5;13;16;0.813;3;5;8;12;3;1;2;38;34.7
22;17/12/1987;24-303;6;8;W ;(+11);41;20;31;0.645;0;0;;12;12;1;0;3;3;6;4;1;2;52;45.3
23;19/12/1987;24-305;6;39;L ;(-13);43;12;23;0.522;0;0;;6;8;0.75;0;2;2;7;3;2;2;30;24.6
24;22/12/1987;24-308;6;9;L ;(-11);41;11;20;0.55;0;1;0;6;7;0.857;4;2;6;7;4;2;4;28;26.1
25;23/12/1987;24-309;6;26;L ;(-1);39;5;15;0.333;0;0;;6;9;0.667;1;4;5;2;3;0;2;16;9.4
26;26/12/1987;24-312;6;14;L ;(-14);34;6;22;0.273;0;0;;5;6;0.833;2;4;6;6;0;2;5;17;5.6
27;29/12/1987;24-315;6;1;L ;(-10);43;16;37;0.432;0;2;0;7;9;0.778;6;2;8;6;5;0;2;39;28.7
28;02/01/1988;24-319;6;22;W ;(+23);37;9;19;0.474;0;0;;7;7;1;3;7;10;10;6;3;1;25;32
29;05/01/1988;24-322;6;14;W ;(+16);38;12;20;0.6;0;0;;7;8;0.875;6;5;11;9;4;5;2;31;36.9
30;07/01/1988;24-324;6;10;W ;(+4);42;11;22;0.5;0;0;;6;11;0.545;3;6;9;5;6;4;3;28;27.4
31;09/01/1988;24-326;6;36;W ;(+22);38;17;23;0.739;0;0;;11;14;0.786;1;2;3;8;4;0;1;45;43.2
32;12/01/1988;24-329;6;2;L ;(-7);43;19;35;0.543;0;1;0;4;5;0.8;2;2;4;6;3;1;0;42;34.6
33;14/01/1988;24-331;6;8;L ;(-3);45;12;24;0.5;0;1;0;4;6;0.667;3;1;4;7;1;2;4;28;19.7
34;16/01/1988;24-333;6;11;W ;(+16);38;12;26;0.462;0;0;;12;13;0.923;4;6;10;10;4;4;3;36;36.4
35;18/01/1988;24-335;6;39;W ;(+14);39;13;19;0.684;0;0;;7;10;0.7;0;3;3;7;5;0;2;33;30.9
36;19/01/1988;24-336;6;1;L ;(-12);41;14;22;0.636;0;0;;10;10;1;0;3;3;4;3;1;2;38;33.6
37;22/01/1988;24-339;6;30;W ;(+10);38;17;25;0.68;0;0;;8;8;1;0;4;4;13;4;4;2;42;45.6
38;23/01/1988;24-340;6;12;W ;(+27);38;13;19;0.684;0;0;;10;13;0.769;3;4;7;8;3;1;2;36;35.3
39;26/01/1988;24-343;6;14;L ;(-4);40;13;26;0.5;1;1;1;7;10;0.7;2;5;7;5;2;1;6;34;20.9
40;27/01/1988;24-344;6;29;W ;(+10);46;12;21;0.571;1;1;1;12;12;1;2;2;4;7;2;1;2;37;32.7
41;29/01/1988;24-346;6;22;W ;(+27);27;14;18;0.778;0;0;;4;5;0.8;0;1;1;4;10;2;3;32;35.7
42;30/01/1988;24-347;6;26;W ;(+2);44;10;17;0.588;0;1;0;8;8;1;1;4;5;4;2;4;5;28;23.4
43;01/02/1988;24-349;6;32;L ;(-2);40;13;31;0.419;0;0;;11;15;0.733;0;5;5;3;5;2;4;37;23.3
44;02/02/1988;24-350;6;17;L ;(-9);40;14;26;0.538;0;0;;11;11;1;1;1;2;4;3;1;3;39;29.7
45;04/02/1988;24-352;6;30;W ;(+12);37;14;27;0.519;0;1;0;9;11;0.818;1;4;5;8;0;1;0;37;30.7
46;09/02/1988;24-357;6;11;L ;(-15);42;7;22;0.318;0;0;;6;8;0.75;1;6;7;9;4;0;2;20;15.8
47;10/02/1988;24-358;6;22;L ;(-9);37;10;23;0.435;0;2;0;14;15;0.933;2;2;4;4;1;3;3;34;25.2
48;12/02/1988;24-360;6;20;W ;(+2);43;9;19;0.474;0;1;0;9;10;0.9;0;6;6;8;0;0;3;27;20.1
49;13/02/1988;24-361;6;11;L ;(-9);40;9;22;0.409;0;1;0;9;10;0.9;0;2;2;2;3;2;4;27;17.2
50;15/02/1988;24-363;6;1;W ;(+19);38;13;22;0.591;0;0;;6;8;0.75;3;10;13;8;5;2;2;32;35.3
51;19/02/1988;25-002;6;32;W ;(+21);38;19;27;0.704;0;0;;11;14;0.786;2;1;3;3;3;3;5;49;39.6
52;21/02/1988;25-004;6;8;L ;(-2);45;16;31;0.516;0;2;0;14;15;0.933;1;3;4;9;3;1;3;46;37.7
53;23/02/1988;25-006;6;34;W ;(+7);48;11;29;0.379;0;0;;17;20;0.85;2;7;9;5;4;2;0;39;32.7
54;26/02/1988;25-009;6;31;L ;(-8);43;21;34;0.618;0;2;0;10;12;0.833;2;6;8;3;2;3;6;52;37.2
55;27/02/1988;25-010;6;20;L ;(-3);44;16;27;0.593;0;0;;6;8;0.75;1;1;2;3;3;3;3;38;27.9
56;29/02/1988;25-012;6;29;L ;(-1);46;13;22;0.591;0;0;;9;13;0.692;1;4;5;4;2;0;3;35;26.5
57;03/03/1988;25-015;6;29;W ;(+4);41;15;29;0.517;0;0;;6;9;0.667;0;10;10;7;3;2;5;36;26.2
58;05/03/1988;25-017;6;16;W ;(+24);27;9;13;0.692;0;0;;3;4;0.75;0;6;6;4;4;2;2;21;22.3
59;07/03/1988;25-019;6;26;L ;(-12);44;12;24;0.5;0;2;0;14;16;0.875;1;9;10;3;1;0;4;38;26.1
60;10/03/1988;25-022;6;17;W ;(+21);42;17;34;0.5;0;1;0;4;4;1;5;4;9;7;3;1;2;38;31.5
61;12/03/1988;25-024;6;33;W ;(+20);34;9;22;0.409;0;0;;10;12;0.833;3;4;7;6;0;0;2;28;20.1
62;15/03/1988;25-027;6;8;W ;(+19);37;17;29;0.586;0;0;;4;7;0.571;4;2;6;1;2;1;2;38;27.3
63;16/03/1988;25-028;6;39;L ;(-3);39;10;23;0.435;0;0;;5;5;1;3;1;4;5;0;2;3;25;16.4
64;18/03/1988;25-030;6;2;W ;(+10);42;19;32;0.594;1;2;0.5;11;11;1;2;3;5;9;5;1;1;50;46.9
65;20/03/1988;25-032;6;2;L ;(-30);39;10;18;0.556;0;0;;6;8;0.75;0;4;4;7;1;1;5;26;17.8
66;23/03/1988;25-035;6;29;W ;(+16);42;20;35;0.571;0;1;0;9;12;0.75;5;8;13;2;0;2;0;49;38.4
67;25/03/1988;25-037;6;8;W ;(+1);48;14;29;0.483;0;0;;11;13;0.846;2;6;8;7;2;4;3;39;32.2
68;26/03/1988;25-038;6;14;W ;(+9);42;16;27;0.593;0;2;0;6;9;0.667;0;3;3;2;3;4;6;38;25.6
69;29/03/1988;25-041;6;34;L ;(-3);42;8;17;0.471;0;0;;10;12;0.833;1;3;4;4;2;2;6;26;17.1
70;30/03/1988;25-042;6;16;W ;(+17);34;15;25;0.6;0;0;;6;6;1;2;4;6;4;6;0;2;36;32.7
71;01/04/1988;25-044;6;31;W ;(+15);42;13;30;0.433;1;2;0.5;11;13;0.846;4;7;11;7;3;0;3;38;29.2
72;03/04/1988;25-046;6;11;W ;(+2);42;21;27;0.778;0;1;0;17;19;0.895;2;2;4;6;2;2;1;59;54.7
73;05/04/1988;25-048;6;39;L ;(-11);42;12;20;0.6;0;1;0;5;8;0.625;1;2;3;1;4;2;6;29;18.4
74;06/04/1988;25-049;6;20;W ;(+9);44;12;22;0.545;0;0;;13;13;1;1;5;6;6;3;1;5;37;29.5
75;08/04/1988;25-051;6;26;W ;(+9);43;13;24;0.542;0;0;;14;18;0.778;3;3;6;3;8;1;3;40;36
76;14/04/1988;25-057;6;14;W ;(+6);38;12;28;0.429;0;2;0;11;12;0.917;2;4;6;3;3;1;2;35;25
77;15/04/1988;25-058;6;22;W ;(+1);39;11;20;0.55;0;0;;6;8;0.75;0;0;0;4;2;0;3;28;17.4
78;17/04/1988;25-060;6;20;W ;(+8);38;17;29;0.586;0;1;0;10;14;0.714;1;2;3;6;4;3;2;44;36.9
79;19/04/1988;25-062;6;26;W ;(+3);40;18;27;0.667;0;2;0;11;13;0.846;3;2;5;2;2;1;6;47;33.7
80;21/04/1988;25-064;6;2;L ;(-7);41;17;33;0.515;0;2;0;5;6;0.833;3;0;3;8;2;1;4;39;26.7
81;22/04/1988;25-065;6;8;L ;(-4);42;12;26;0.462;0;0;;2;2;1;1;0;1;7;4;1;2;26;18.9
82;24/04/1988;25-067;6;2;W ;(+7);44;16;25;0.64;0;1;0;14;15;0.933;0;6;6;6;1;1;3;46;38
1;04/11/1988;25-261;6;11;L ;(-13);43;10;19;0.526;0;2;0;8;12;0.667;1;4;5;7;5;2;2;28;26.3
2;05/11/1988;25-262;6;39;W ;(+13);39;9;21;0.429;0;0;;11;12;0.917;0;2;2;7;3;0;5;29;19.4
3;08/11/1988;25-265;6;26;L ;(-9);39;13;21;0.619;2;3;0.667;3;3;1;2;1;3;9;2;0;4;31;25.5
4;09/11/1988;25-266;6;2;W ;(+6);42;18;33;0.545;2;4;0.5;14;16;0.875;0;3;3;2;9;2;2;52;44.4
5;11/11/1988;25-268;6;22;W ;(+12);41;14;24;0.583;0;1;0;8;11;0.727;1;5;6;3;3;4;6;36;26.9
6;12/11/1988;25-269;6;22;L ;(-6);43;17;31;0.548;0;3;0;8;12;0.667;2;5;7;6;3;1;1;42;34.5
7;15/11/1988;25-272;6;29;W ;(+13);43;14;27;0.519;0;0;;5;6;0.833;1;5;6;6;5;1;3;33;27.6
8;16/11/1988;25-273;6;29;L ;(-13);43;24;29;0.828;0;1;0;4;4;1;3;6;9;1;4;2;4;52;46.5
9;18/11/1988;25-275;6;1;W ;(+3);49;12;21;0.571;0;0;;10;13;0.769;1;8;9;9;1;0;6;34;25.7
10;22/11/1988;25-279;6;32;W ;(+16);38;16;20;0.8;0;0;;0;0;;1;10;11;8;1;1;2;32;32.2
11;23/11/1988;25-280;6;16;L ;(-8);41;7;15;0.467;1;2;0.5;11;12;0.917;2;10;12;7;5;4;6;26;27.4
12;26/11/1988;25-283;6;10;L ;(-5);44;19;27;0.704;3;5;0.6;11;14;0.786;2;9;11;7;1;0;6;52;42.3
13;29/11/1988;25-286;6;12;L ;(-10);43;11;24;0.458;0;1;0;4;4;1;2;8;10;7;4;0;3;26;22.1
14;30/11/1988;25-287;6;36;L ;(-14);39;11;25;0.44;0;1;0;11;13;0.846;4;4;8;5;2;1;3;33;25.9
15;03/12/1988;25-290;6;9;W ;(+13);43;16;31;0.516;0;0;;7;8;0.875;3;8;11;6;2;3;2;39;32.1
16;06/12/1988;25-293;6;2;W ;(+5);43;14;20;0.7;0;0;;10;11;0.909;2;7;9;5;5;0;6;38;33.6
17;07/12/1988;25-294;6;11;L ;(-13);40;4;16;0.25;0;0;;10;11;0.909;3;4;7;7;1;2;3;18;15.2
18;09/12/1988;25-296;6;20;W ;(+18);40;10;17;0.588;0;2;0;15;17;0.882;3;8;11;5;1;1;5;35;29.8
19;10/12/1988;25-297;6;19;W ;(+23);37;14;25;0.56;1;2;0.5;9;10;0.9;2;9;11;4;2;0;1;38;32.4
20;13/12/1988;25-300;6;1;L ;(-18);41;11;24;0.458;0;1;0;6;6;1;2;12;14;6;2;0;1;28;24.6
21;16/12/1988;25-303;6;14;W ;(+7);38;10;22;0.455;0;3;0;8;9;0.889;3;4;7;7;6;0;2;28;26.8
22;17/12/1988;25-304;6;20;W ;(+19);40;12;25;0.48;0;1;0;12;12;1;0;6;6;5;3;0;3;36;27.8
23;20/12/1988;25-307;6;17;W ;(+13);39;11;23;0.478;2;3;0.667;18;22;0.818;4;3;7;8;4;0;1;42;41
24;23/12/1988;25-310;6;5;L ;(-2);41;14;26;0.538;0;0;;5;6;0.833;2;3;5;4;6;0;7;33;22.1
25;27/12/1988;25-314;6;8;L ;(-11);42;18;30;0.6;1;1;1;6;6;1;3;9;12;4;3;0;4;43;34.6
26;29/12/1988;25-316;6;26;W ;(+2);40;14;27;0.519;0;2;0;9;12;0.75;1;8;9;3;3;0;3;37;26.9
27;30/12/1988;25-317;6;14;W ;(+16);37;13;26;0.5;0;0;;5;5;1;2;5;7;4;4;2;2;31;26.7
28;03/01/1989;25-321;6;16;W ;(+5);47;15;30;0.5;0;3;0;11;15;0.733;1;9;10;11;6;0;4;41;35.5
29;05/01/1989;25-323;6;8;L ;(-5);41;13;24;0.542;1;2;0.5;5;5;1;2;9;11;7;2;0;2;32;28.6
30;06/01/1989;25-324;6;36;L ;(-14);37;12;21;0.571;0;0;;3;5;0.6;1;4;5;4;2;1;2;27;20.9
31;10/01/1989;25-328;6;1;W ;(+3);41;17;29;0.586;0;2;0;14;16;0.875;4;6;10;9;3;0;4;48;42.8
32;11/01/1989;25-329;6;5;W ;(+5);40;7;15;0.467;0;0;;10;11;0.909;1;3;4;10;3;1;6;24;20.6
33;13/01/1989;25-331;6;10;W ;(+5);46;13;24;0.542;0;1;0;12;13;0.923;1;11;12;11;3;0;6;38;33.1
34;15/01/1989;25-333;6;2;W ;(+6);41;13;23;0.565;0;3;0;16;17;0.941;1;8;9;11;8;0;2;42;46.7
35;17/01/1989;25-335;6;14;W ;(+7);44;10;18;0.556;0;1;0;2;4;0.5;1;5;6;13;4;1;2;22;25
36;19/01/1989;25-337;6;19;W ;(+4);41;14;25;0.56;0;1;0;6;8;0.75;3;2;5;7;2;1;1;34;29.4
37;21/01/1989;25-339;6;30;L ;(-9);41;20;28;0.714;0;0;;13;15;0.867;1;13;14;8;2;1;4;53;47.9
38;24/01/1989;25-342;6;9;W ;(+18);33;10;20;0.5;0;1;0;4;5;0.8;1;2;3;6;3;0;1;24;20.7
39;25/01/1989;25-343;6;29;L ;(-12);45;14;25;0.56;0;0;;5;5;1;0;6;6;12;2;1;2;33;30
40;27/01/1989;25-345;6;39;W ;(+11);39;14;25;0.56;0;0;;5;8;0.625;3;8;11;9;3;1;1;33;31.8
41;31/01/1989;25-349;6;11;L ;(-6);41;7;24;0.292;0;1;0;7;10;0.7;3;9;12;10;2;1;5;21;12.9
42;02/02/1989;25-351;6;32;W ;(+11);40;15;21;0.714;0;0;;10;12;0.833;1;6;7;8;4;0;6;40;35.8
43;03/02/1989;25-352;6;13;L ;(-7);45;10;24;0.417;0;1;0;9;12;0.75;2;4;6;10;5;1;3;29;26.1
44;05/02/1989;25-354;6;11;L ;(-11);42;10;18;0.556;1;4;0.25;7;8;0.875;2;4;6;10;1;1;1;28;28.1
45;07/02/1989;25-356;6;5;W ;(+25);32;11;20;0.55;1;2;0.5;9;10;0.9;2;5;7;5;2;0;3;32;26.2
46;09/02/1989;25-358;6;33;W ;(+5);43;9;20;0.45;0;0;;5;8;0.625;3;3;6;9;2;1;6;23;16.6
47;14/02/1989;25-363;6;1;L ;(-8);36;11;14;0.786;1;1;1;9;16;0.563;2;3;5;3;3;1;3;32;27.3
48;16/02/1989;25-365;6;20;W ;(+1);40;16;26;0.615;1;2;0.5;17;18;0.944;2;6;8;5;3;0;4;50;41.9
49;19/02/1989;26-002;6;20;W ;(+2);40;9;19;0.474;0;0;;5;6;0.833;0;3;3;9;2;3;7;23;15.6
50;20/02/1989;26-003;6;31;W ;(+4);36;13;22;0.591;0;0;;7;8;0.875;2;4;6;7;1;0;4;33;25.7
51;22/02/1989;26-005;6;5;W ;(+28);37;10;14;0.714;0;1;0;4;5;0.8;0;4;4;5;1;0;6;24;15.9
52;24/02/1989;26-007;6;13;W ;(+9);38;10;18;0.556;0;0;;13;15;0.867;0;4;4;8;4;0;2;33;31.6
53;25/02/1989;26-008;6;1;L ;(-30);30;7;12;0.583;0;0;;4;5;0.8;1;4;5;3;3;0;4;18;13.8
54;28/02/1989;26-011;6;33;W ;(+19);34;11;16;0.688;0;0;;2;2;1;4;2;6;8;2;1;4;24;24.5
55;03/03/1989;26-014;6;20;W ;(+6);41;10;18;0.556;1;1;1;7;11;0.636;2;6;8;9;2;1;6;28;22.4
56;04/03/1989;26-015;6;26;L ;(-18);42;10;16;0.625;0;0;;8;8;1;1;2;3;10;2;0;4;28;25.5
57;07/03/1989;26-018;6;29;L ;(-2);39;15;27;0.556;0;0;;4;5;0.8;3;8;11;4;3;0;2;34;28.2
58;11/03/1989;26-022;6;34;W ;(+17);40;8;13;0.615;0;0;;2;2;1;1;7;8;15;1;3;3;18;24.3
59;13/03/1989;26-024;6;14;W ;(+32);30;7;15;0.467;3;4;0.75;4;4;1;3;11;14;14;3;2;1;21;31.9
60;15/03/1989;26-026;6;8;L ;(-24);38;12;22;0.545;0;0;;4;5;0.8;1;5;6;12;3;0;8;28;21.4
61;17/03/1989;26-028;6;26;W ;(+5);41;9;16;0.563;2;2;1;13;14;0.929;1;4;5;9;4;1;4;33;31.9
62;18/03/1989;26-029;6;14;L ;(-11);44;11;24;0.458;0;1;0;6;7;0.857;0;6;6;10;0;1;2;28;22.3
63;21/03/1989;26-032;6;17;W ;(+1);43;7;20;0.35;0;0;;7;8;0.875;1;7;8;16;1;0;5;21;18.2
64;22/03/1989;26-033;6;30;W ;(+1);37;10;20;0.5;0;0;;12;12;1;0;10;10;9;1;0;3;32;27.3
65;24/03/1989;26-035;6;31;W ;(+15);40;10;20;0.5;1;3;0.333;13;16;0.813;3;4;7;17;6;0;7;34;35.4
66;25/03/1989;26-036;6;34;W ;(+1);40;8;18;0.444;0;0;;5;5;1;1;11;12;12;3;0;6;21;19.8
67;28/03/1989;26-039;6;12;W ;(+9);40;13;24;0.542;0;1;0;7;9;0.778;1;11;12;11;4;0;5;33;29.7
68;29/03/1989;26-040;6;20;W ;(+4);43;9;19;0.474;0;1;0;14;16;0.875;1;9;10;10;2;1;4;32;29
69;31/03/1989;26-042;6;8;L ;(-9);43;15;29;0.517;1;2;0.5;6;7;0.857;2;8;10;10;3;1;3;37;32.2
70;02/04/1989;26-044;6;22;W ;(+11);39;11;23;0.478;0;1;0;5;5;1;5;9;14;12;2;2;3;27;29.5
71;04/04/1989;26-046;6;5;W ;(+20);40;10;15;0.667;0;2;0;13;15;0.867;4;6;10;12;6;1;3;33;42
72;06/04/1989;26-048;6;11;L ;(-7);43;11;23;0.478;1;5;0.2;8;8;1;2;11;13;10;2;0;2;31;30.2
73;07/04/1989;26-049;6;11;L ;(-2);42;11;18;0.611;0;0;;18;21;0.857;1;6;7;11;2;0;1;40;39.4
74;09/04/1989;26-051;6;1;L ;(-8);43;13;29;0.448;0;3;0;14;14;1;4;6;10;12;1;0;2;40;35.7
75;13/04/1989;26-055;6;14;L ;(-4);46;17;30;0.567;0;1;0;13;14;0.929;2;9;11;13;4;2;4;47;45.8
76;14/04/1989;26-056;6;22;L ;(-12);38;12;27;0.444;0;1;0;5;7;0.714;2;8;10;12;3;2;4;29;25.9
77;16/04/1989;26-058;6;8;L ;(-19);27;8;14;0.571;0;1;0;6;6;1;0;3;3;3;2;1;5;22;15.3
78;17/04/1989;26-059;6;26;W ;(+4);42;11;21;0.524;1;3;0.333;11;13;0.846;1;10;11;9;2;3;5;34;30.8
79;20/04/1989;26-062;6;39;L ;(-2);39;9;20;0.45;0;0;;12;13;0.923;2;3;5;4;1;1;6;30;18.4
80;21/04/1989;26-063;6;39;W ;(+2);42;13;31;0.419;0;0;;8;11;0.727;6;8;14;11;2;1;1;34;31.9
81;23/04/1989;26-065;6;8;L ;(-6);35;9;19;0.474;0;2;0;7;8;0.875;3;2;5;3;1;0;3;25;16.5
1;03/11/1989;26-259;6;8;W ;(+5);47;19;31;0.613;1;2;0.5;15;17;0.882;3;11;14;6;3;1;0;54;51.2
2;04/11/1989;26-260;6;2;L ;(-2);34;10;18;0.556;0;3;0;4;6;0.667;0;5;5;6;5;1;4;24;20
3;07/11/1989;26-263;6;11;W ;(+3);44;13;24;0.542;0;2;0;14;17;0.824;2;3;5;7;3;0;4;40;33
4;08/11/1989;26-264;6;21;W ;(+12);40;15;24;0.625;1;1;1;14;14;1;1;5;6;2;2;0;3;45;36
5;10/11/1989;26-266;6;22;L ;(-10);41;8;22;0.364;0;0;;10;11;0.909;3;3;6;5;2;0;2;26;18.3
6;11/11/1989;26-267;6;34;W ;(+7);34;8;15;0.533;1;2;0.5;8;9;0.889;0;4;4;6;3;1;4;25;20.8
7;14/11/1989;26-270;6;32;W ;(+2);40;11;25;0.44;1;1;1;4;8;0.5;6;7;13;7;2;0;4;27;20.7
8;15/11/1989;26-271;6;36;L ;(-1);38;12;26;0.462;0;3;0;16;19;0.842;1;9;10;3;1;0;2;40;28.7
9;18/11/1989;26-274;6;34;L ;(-9);39;12;26;0.462;3;8;0.375;5;7;0.714;3;3;6;7;1;0;2;32;23.5
10;21/11/1989;26-277;6;31;L ;(-11);36;5;13;0.385;1;3;0.333;5;6;0.833;0;0;0;7;2;0;4;16;11
11;22/11/1989;26-278;6;30;W ;(+5);44;12;30;0.4;1;3;0.333;9;10;0.9;2;5;7;7;2;0;2;34;24.4
12;25/11/1989;26-281;6;12;W ;(+13);41;12;29;0.414;1;5;0.2;4;5;0.8;6;8;14;9;3;0;3;29;24.8
13;26/11/1989;26-282;6;16;L ;(-24);33;9;18;0.5;1;2;0.5;7;10;0.7;3;4;7;4;2;2;7;26;17.1
14;28/11/1989;26-284;6;1;W ;(+15);39;8;15;0.533;0;0;;6;6;1;0;9;9;13;3;0;4;22;23.9
15;02/12/1989;26-288;6;19;W ;(+7);36;11;16;0.688;0;0;;14;15;0.933;2;3;5;7;0;1;5;36;30.1
16;05/12/1989;26-291;6;10;W ;(+20);33;15;27;0.556;0;1;0;5;5;1;8;9;17;7;1;1;1;35;36
17;08/12/1989;26-294;6;14;L ;(-2);46;14;25;0.56;1;3;0.333;7;9;0.778;0;8;8;10;4;1;4;36;31.8
18;09/12/1989;26-295;6;29;W ;(+20);36;13;21;0.619;3;6;0.5;0;0;;0;9;9;9;1;0;1;29;27.3
19;12/12/1989;26-298;6;9;W ;(+8);41;18;29;0.621;2;2;1;3;4;0.75;1;6;7;7;2;1;2;41;35.2
20;14/12/1989;26-300;6;28;W ;(+11);25;14;20;0.7;3;3;1;7;9;0.778;2;5;7;5;2;0;1;38;35.4
21;16/12/1989;26-302;6;5;W ;(+11);41;13;28;0.464;0;1;0;7;10;0.7;2;7;9;7;2;2;0;33;28.4
22;19/12/1989;26-305;6;17;W ;(+10);44;15;29;0.517;2;4;0.5;5;5;1;0;7;7;5;2;1;7;37;23.6
23;20/12/1989;26-306;6;28;L ;(-1);45;20;37;0.541;2;3;0.667;10;10;1;1;4;5;7;4;0;3;52;40.7
24;22/12/1989;26-308;6;1;W ;(+12);32;10;17;0.588;2;3;0.667;7;8;0.875;0;4;4;4;2;0;4;29;21.1
25;23/12/1989;26-309;6;29;L ;(-27);30;5;13;0.385;0;1;0;6;6;1;1;3;4;6;2;0;4;16;11.9
26;26/12/1989;26-312;6;21;W ;(+13);35;12;17;0.706;3;5;0.6;1;2;0.5;1;1;2;4;4;1;3;28;24.4
27;29/12/1989;26-315;6;33;W ;(+4);42;10;26;0.385;1;2;0.5;13;15;0.867;1;4;5;7;3;0;4;34;23.2
28;30/12/1989;26-316;6;39;W ;(+5);43;13;26;0.5;0;2;0;2;2;1;1;6;7;10;4;3;3;28;26
29;03/01/1990;26-320;6;8;W ;(+6);46;15;32;0.469;0;3;0;8;9;0.889;1;7;8;8;4;0;1;38;31
30;05/01/1990;26-322;6;28;W ;(+11);41;19;31;0.613;2;5;0.4;3;3;1;0;4;4;6;4;0;3;43;33.7
31;06/01/1990;26-323;6;20;L ;(-7);41;13;23;0.565;3;7;0.429;6;7;0.857;1;8;9;5;5;1;6;35;28.8
32;09/01/1990;26-326;6;11;L ;(-10);34;6;17;0.353;1;3;0.333;3;4;0.75;3;5;8;5;2;1;4;16;11.1
33;10/01/1990;26-327;6;14;L ;(-7);42;13;30;0.433;1;3;0.333;8;8;1;2;5;7;5;2;1;2;35;26.3
34;12/01/1990;26-329;6;5;W ;(+12);40;19;28;0.679;0;1;0;7;9;0.778;2;2;4;6;1;0;2;45;35.8
35;13/01/1990;26-330;6;16;W ;(+6);34;11;21;0.524;2;4;0.5;4;6;0.667;0;5;5;10;4;0;0;28;29
36;15/01/1990;26-332;6;26;L ;(-3);42;9;24;0.375;0;2;0;8;9;0.889;1;3;4;8;3;0;5;26;16.4
37;18/01/1990;26-335;6;12;W ;(+25);33;17;30;0.567;7;12;0.583;3;3;1;3;9;12;8;1;2;2;44;39.4
38;19/01/1990;26-336;6;1;W ;(+8);40;12;24;0.5;0;3;0;12;16;0.75;3;6;9;3;7;0;7;36;28
39;21/01/1990;26-338;6;26;W ;(+8);41;10;17;0.588;4;5;0.8;18;20;0.9;1;9;10;7;4;2;4;42;41.4
40;23/01/1990;26-340;6;11;L ;(-12);45;11;31;0.355;1;6;0.167;9;11;0.818;2;4;6;2;2;1;4;32;14.6
41;26/01/1990;26-343;6;29;L ;(-11);42;12;27;0.444;0;2;0;7;9;0.778;2;3;5;11;2;0;1;31;25.9
42;27/01/1990;26-344;6;22;W ;(+3);35;15;25;0.6;1;3;0.333;8;8;1;2;5;7;4;4;0;3;39;33
43;29/01/1990;26-346;6;1;W ;(+10);30;7;14;0.5;0;2;0;2;3;0.667;2;5;7;9;1;1;4;16;14.7
44;01/02/1990;26-349;6;13;L ;(-27);38;16;31;0.516;0;2;0;3;4;0.75;2;4;6;5;2;0;3;35;24.4
45;03/02/1990;26-351;6;33;L ;(-1);46;17;32;0.531;2;4;0.5;8;8;1;3;0;3;5;2;0;3;44;31.8
46;07/02/1990;26-355;6;17;L ;(-18);40;12;21;0.571;0;1;0;8;12;0.667;0;4;4;4;0;1;8;32;16
47;08/02/1990;26-356;6;10;L ;(-25);37;5;18;0.278;1;2;0.5;4;6;0.667;0;1;1;8;1;1;4;15;6.4
48;13/02/1990;26-361;6;19;W ;(+12);40;8;16;0.5;0;1;0;10;11;0.909;1;3;4;6;3;0;3;26;21.8
49;14/02/1990;26-362;6;28;L ;(-6);47;21;43;0.488;0;2;0;7;10;0.7;1;6;7;2;0;1;0;49;30.3
50;16/02/1990;26-364;6;19;W ;(+14);31;10;14;0.714;1;2;0.5;5;6;0.833;0;3;3;4;2;0;5;26;19.7
51;18/02/1990;27-001;6;20;W ;(+23);36;15;26;0.577;0;2;0;9;10;0.9;1;2;3;4;2;1;0;39;31.6
52;19/02/1990;27-002;6;13;W ;(+5);42;11;25;0.44;0;0;;8;9;0.889;2;4;6;9;2;0;5;30;21.2
53;23/02/1990;27-006;6;31;W ;(+11);35;12;25;0.48;2;2;1;9;10;0.9;2;8;10;10;1;0;6;35;26.1
54;25/02/1990;27-008;6;22;W ;(+1);44;12;24;0.5;0;1;0;8;9;0.889;1;7;8;8;2;2;5;32;24.8
55;27/02/1990;27-010;6;20;W ;(+10);41;13;25;0.52;0;1;0;17;19;0.895;2;4;6;6;3;0;3;43;35.1
56;02/03/1990;27-013;6;22;W ;(+21);31;8;12;0.667;2;4;0.5;5;6;0.833;0;4;4;4;1;2;0;23;23
57;04/03/1990;27-015;6;2;W ;(+4);40;11;23;0.478;1;1;1;13;15;0.867;0;6;6;11;4;0;2;36;33.4
58;06/03/1990;27-017;6;20;W ;(+9);37;14;26;0.538;2;4;0.5;5;6;0.833;2;6;8;6;4;0;2;35;29.4
59;08/03/1990;27-019;6;36;L ;(-4);47;12;29;0.414;0;6;0;19;22;0.864;5;2;7;4;7;0;3;43;35.2
60;10/03/1990;27-021;6;14;W ;(+12);39;17;27;0.63;1;2;0.5;10;10;1;2;5;7;3;5;1;2;45;39.6
61;13/03/1990;27-024;6;26;W ;(+3);42;11;19;0.579;1;3;0.333;11;12;0.917;2;6;8;7;1;1;4;34;29.7
62;16/03/1990;27-027;6;11;L ;(-25);41;8;17;0.471;3;5;0.6;1;3;0.333;0;8;8;7;1;0;3;20;14.6
63;17/03/1990;27-028;6;29;W ;(+5);39;13;21;0.619;3;6;0.5;3;4;0.75;2;6;8;10;2;1;2;32;32.2
64;20/03/1990;27-031;6;39;W ;(+25);39;8;19;0.421;1;2;0.5;4;4;1;3;5;8;5;2;2;3;21;17.6
65;21/03/1990;27-032;6;1;W ;(+10);38;10;20;0.5;0;2;0;7;9;0.778;2;2;4;6;5;0;1;27;25.6
66;23/03/1990;27-034;6;8;W ;(+7);40;18;32;0.563;0;3;0;5;6;0.833;2;4;6;5;5;1;3;41;33.8
67;24/03/1990;27-035;6;32;L ;(-3);39;16;28;0.571;2;3;0.667;9;10;0.9;1;4;5;6;5;0;1;43;38.3
68;26/03/1990;27-037;6;30;W ;(+29);28;14;24;0.583;0;1;0;0;0;;4;8;12;5;6;0;2;28;29.5
69;28/03/1990;27-039;6;8;W ;(+4);50;23;37;0.622;2;6;0.333;21;23;0.913;7;11;18;6;4;1;2;69;64.6
70;30/03/1990;27-041;6;26;W ;(+1);45;20;34;0.588;1;3;0.333;8;9;0.889;1;11;12;4;5;2;2;49;42.8
71;01/04/1990;27-043;6;19;W ;(+8);41;20;29;0.69;1;2;0.5;6;9;0.667;2;4;6;7;3;3;5;47;40.3
72;03/04/1990;27-045;6;14;W ;(+7);44;8;19;0.421;1;4;0.25;12;12;1;1;3;4;10;0;2;0;29;27.3
73;05/04/1990;27-047;6;28;W ;(+7);39;14;23;0.609;2;6;0.333;8;10;0.8;1;6;7;3;4;1;2;38;33.2
74;07/04/1990;27-049;6;9;W ;(+1);40;15;26;0.577;3;5;0.6;10;13;0.769;2;1;3;4;2;1;0;43;35.6
75;11/04/1990;27-053;6;8;W ;(+21);31;9;15;0.6;1;4;0.25;3;4;0.75;1;4;5;7;3;1;2;22;21.2
76;13/04/1990;27-055;6;20;W ;(+10);39;10;16;0.625;1;4;0.25;5;6;0.833;1;5;6;10;8;2;4;26;31.8
77;14/04/1990;27-056;6;39;L ;(-10);37;10;21;0.476;1;2;0.5;0;1;0;1;2;3;5;1;0;2;21;12.1
78;16/04/1990;27-058;6;14;L ;(-9);45;11;24;0.458;0;2;0;1;2;0.5;3;4;7;6;4;0;6;23;13.7
79;17/04/1990;27-059;6;2;W ;(+6);36;13;24;0.542;2;3;0.667;7;8;0.875;1;10;11;6;2;1;6;35;26.4
80;19/04/1990;27-061;6;39;W ;(+3);36;12;26;0.462;2;5;0.4;6;6;1;3;3;6;7;5;1;3;32;27.6
81;20/04/1990;27-062;6;2;L ;(-4);35;21;29;0.724;0;2;0;3;3;1;1;7;8;9;3;0;3;45;40.2
82;22/04/1990;27-064;6;11;L ;(-5);37;10;23;0.435;1;3;0.333;1;2;0.5;3;7;10;4;2;0;2;22;15.3
1;02/11/1990;27-258;6;29;L ;(-8);34;14;24;0.583;1;3;0.333;5;5;1;3;2;5;7;7;0;5;34;30.8
2;03/11/1990;27-259;6;39;L ;(-1);46;11;22;0.5;0;0;;6;9;0.667;4;6;10;1;1;0;2;28;19.3
3;06/11/1990;27-262;6;2;L ;(-2);45;14;28;0.5;0;1;0;5;6;0.833;3;5;8;12;3;0;2;33;30
4;07/11/1990;27-263;6;21;W ;(+5);39;7;14;0.5;0;0;;3;5;0.6;2;3;5;6;0;1;1;17;13.4
5;09/11/1990;27-265;6;2;W ;(+20);34;17;25;0.68;0;1;0;7;8;0.875;1;4;5;6;2;0;3;41;33.8
6;10/11/1990;27-266;6;5;W ;(+19);36;8;15;0.533;0;0;;7;8;0.875;1;5;6;8;3;0;3;23;22.7
7;13/11/1990;27-269;6;36;W ;(+2);38;10;22;0.455;1;1;1;8;10;0.8;3;8;11;5;1;2;1;29;25.8
8;15/11/1990;27-271;6;12;L ;(-10);38;6;12;0.5;0;1;0;2;3;0.667;2;6;8;6;1;1;2;14;13.1
9;17/11/1990;27-273;6;34;W ;(+21);27;13;20;0.65;0;0;;7;8;0.875;1;3;4;3;7;1;1;33;34.2
10;18/11/1990;27-274;6;31;L ;(-13);41;12;25;0.48;0;2;0;5;6;0.833;0;5;5;7;1;1;2;29;20.4
11;21/11/1990;27-277;6;30;L ;(-2);40;15;32;0.469;0;0;;4;4;1;0;4;4;4;4;0;3;34;22.2
12;23/11/1990;27-279;6;16;W ;(+8);31;5;12;0.417;0;0;;4;4;1;3;3;6;7;3;0;2;14;15.3
13;24/11/1990;27-280;6;10;W ;(+6);40;14;24;0.583;0;0;;10;10;1;1;6;7;12;3;1;3;38;37.2
14;28/11/1990;27-284;6;39;W ;(+24);27;11;15;0.733;0;0;;2;3;0.667;0;2;2;7;3;1;1;24;24.9
15;30/11/1990;27-286;6;14;W ;(+29);33;15;19;0.789;0;0;;7;9;0.778;1;4;5;3;2;2;1;37;33.7
16;01/12/1990;27-287;6;8;W ;(+35);30;13;18;0.722;1;1;1;5;6;0.833;0;2;2;4;2;0;1;32;27.8
17;04/12/1990;27-290;6;30;W ;(+28);35;12;22;0.545;0;0;;3;3;1;1;3;4;7;0;1;2;27;19.6
18;07/12/1990;27-293;6;26;W ;(+10);39;14;25;0.56;0;2;0;5;7;0.714;4;3;7;9;8;1;2;33;35.8
19;08/12/1990;27-294;6;31;L ;(-8);40;16;28;0.571;0;2;0;3;4;0.75;0;6;6;3;2;2;5;35;22.5
20;11/12/1990;27-297;6;20;L ;(-12);39;13;23;0.565;0;0;;5;7;0.714;0;4;4;5;3;1;4;31;22.9
21;14/12/1990;27-300;6;16;W ;(+40);30;8;15;0.533;0;0;;4;6;0.667;2;6;8;8;1;2;3;20;18.9
22;15/12/1990;27-301;6;8;W ;(+18);27;11;17;0.647;0;0;;2;2;1;5;4;9;6;5;3;2;24;30.1
23;18/12/1990;27-304;6;19;W ;(+9);36;14;22;0.636;0;0;;11;12;0.917;3;6;9;6;6;2;2;39;41.5
24;19/12/1990;27-305;6;11;L ;(-21);37;13;22;0.591;0;1;0;7;7;1;3;2;5;6;1;0;1;33;28.9
25;21/12/1990;27-307;6;17;W ;(+11);44;14;30;0.467;0;2;0;5;6;0.833;8;7;15;9;2;1;1;33;31.7
26;22/12/1990;27-308;6;14;W ;(+10);34;10;20;0.5;0;0;;9;12;0.75;2;5;7;5;0;2;2;29;22
27;25/12/1990;27-311;6;11;W ;(+12);43;14;23;0.609;1;1;1;8;10;0.8;3;5;8;3;3;2;3;37;30.8
28;27/12/1990;27-313;6;12;W ;(+15);34;17;25;0.68;1;2;0.5;7;7;1;1;13;14;7;3;1;1;42;42.3
29;29/12/1990;27-315;6;34;W ;(+25);37;10;24;0.417;0;2;0;11;11;1;3;7;10;4;4;0;2;31;26.4
30;03/01/1991;27-320;6;13;L ;(-22);33;13;22;0.591;0;0;;6;7;0.857;0;3;3;7;3;1;4;32;26.1
31;05/01/1991;27-322;6;8;W ;(+16);37;12;26;0.462;0;0;;6;7;0.857;1;2;3;4;4;3;3;30;21.8
32;08/01/1991;27-325;6;22;W ;(+9);32;18;28;0.643;1;1;1;4;5;0.8;2;4;6;4;2;2;1;41;35.6
33;09/01/1991;27-326;6;29;W ;(+8);41;16;27;0.593;0;1;0;8;11;0.727;0;4;4;9;0;1;1;40;32.3
34;11/01/1991;27-328;6;1;W ;(+3);42;12;23;0.522;0;1;0;7;7;1;0;6;6;6;2;1;5;31;21.8
35;12/01/1991;27-329;6;5;W ;(+11);38;11;21;0.524;0;0;;11;13;0.846;3;0;3;3;2;0;5;33;21.5
36;14/01/1991;27-331;6;20;W ;(+13);45;13;27;0.481;1;3;0.333;7;7;1;1;9;10;9;3;2;2;34;30.4
37;16/01/1991;27-333;6;28;W ;(+11);38;11;27;0.407;0;0;;7;8;0.875;0;4;4;4;3;1;2;29;17.8
38;18/01/1991;27-335;6;1;L ;(-9);41;13;28;0.464;0;1;0;4;4;1;0;7;7;8;3;0;4;30;21.5
39;21/01/1991;27-338;6;19;W ;(+11);39;17;28;0.607;0;2;0;3;5;0.6;1;5;6;5;3;1;3;37;29.4
40;23/01/1991;27-340;6;22;L ;(-4);41;9;23;0.391;1;1;1;16;19;0.842;4;2;6;5;4;0;2;35;28.6
41;25/01/1991;27-342;6;19;W ;(+21);28;10;14;0.714;3;3;1;3;4;0.75;0;3;3;2;6;0;3;26;24.3
42;31/01/1991;27-348;6;33;L ;(-4);39;9;22;0.409;1;1;1;17;18;0.944;0;3;3;3;3;0;3;36;24.4
43;01/02/1991;27-349;6;9;W ;(+11);38;10;18;0.556;0;0;;11;16;0.688;1;5;6;8;2;0;2;31;28.2
44;03/02/1991;27-351;6;17;L ;(-13);40;10;22;0.455;0;0;;3;3;1;1;6;7;9;6;1;2;23;24.7
45;04/02/1991;27-352;6;32;W ;(+11);33;7;14;0.5;0;0;;10;11;0.909;1;1;2;5;2;0;3;24;18.5
46;07/02/1991;27-355;6;11;W ;(+2);41;10;21;0.476;0;2;0;10;12;0.833;1;8;9;3;0;2;2;30;22.7
47;12/02/1991;27-360;6;1;W ;(+9);37;12;22;0.545;1;2;0.5;7;9;0.778;0;4;4;7;2;2;3;32;26.3
48;14/02/1991;27-362;6;26;W ;(+10);36;13;20;0.65;1;2;0.5;2;2;1;0;2;2;3;2;3;0;29;26.2
49;16/02/1991;27-364;6;22;W ;(+12);39;11;26;0.423;1;1;1;3;4;0.75;2;9;11;7;3;0;7;26;16.8
50;18/02/1991;28-001;6;8;W ;(+15);38;11;24;0.458;0;1;0;10;11;0.909;1;5;6;5;5;2;3;32;27.1
51;19/02/1991;28-002;6;39;W ;(+5);38;15;27;0.556;0;1;0;10;10;1;3;9;12;4;1;0;2;40;32.1
52;22/02/1991;28-005;6;32;W ;(+47);28;11;17;0.647;1;1;1;11;11;1;1;2;3;4;6;0;0;34;35.8
53;23/02/1991;28-006;6;5;W ;(+21);35;12;22;0.545;1;3;0.333;4;5;0.8;0;3;3;3;3;2;0;29;24.6
54;26/02/1991;28-009;6;2;W ;(+30);35;17;29;0.586;1;1;1;4;8;0.5;2;6;8;4;5;3;0;39;36.6
55;01/03/1991;28-012;6;9;W ;(+23);35;11;20;0.55;1;1;1;6;6;1;1;10;11;8;2;0;5;29;24.9
56;02/03/1991;28-013;6;14;L ;(-21);38;8;23;0.348;0;1;0;6;6;1;0;5;5;2;6;0;3;22;13.4
57;05/03/1991;28-016;6;20;W ;(+18);37;9;23;0.391;0;0;;12;13;0.923;2;7;9;2;2;1;5;30;18.5
58;08/03/1991;28-019;6;36;W ;(+10);39;14;29;0.483;0;0;;9;10;0.9;1;4;5;2;3;0;1;37;26
59;10/03/1991;28-021;6;1;W ;(+35);30;10;13;0.769;1;1;1;4;4;1;2;7;9;9;1;1;6;25;23.8
60;12/03/1991;28-023;6;21;W ;(+32);29;7;15;0.467;1;5;0.2;5;5;1;2;3;5;10;1;0;1;20;20.8
61;13/03/1991;28-024;6;20;W ;(+1);41;15;26;0.577;0;1;0;9;14;0.643;1;7;8;4;3;2;1;39;32.2
62;15/03/1991;28-026;6;5;W ;(+13);40;12;21;0.571;0;1;0;10;12;0.833;1;4;5;8;2;1;4;34;28.3
63;16/03/1991;28-027;6;8;W ;(+4);38;14;25;0.56;0;2;0;9;10;0.9;0;3;3;3;5;0;2;37;29.5
64;18/03/1991;28-029;6;10;W ;(+13);29;11;19;0.579;2;3;0.667;7;7;1;0;6;6;2;0;1;3;31;22.2
65;20/03/1991;28-031;6;1;W ;(+22);30;9;14;0.643;2;2;1;2;3;0.667;0;5;5;11;0;1;3;22;21.1
66;22/03/1991;28-033;6;29;L ;(-5);40;8;23;0.348;0;2;0;4;5;0.8;1;4;5;5;2;1;4;20;8.8
67;23/03/1991;28-034;6;14;W ;(+14);40;15;25;0.6;0;1;0;9;9;1;0;2;2;5;3;2;2;39;32.4
68;25/03/1991;28-036;6;13;L ;(-10);37;15;25;0.6;0;2;0;4;7;0.571;5;2;7;4;3;3;0;34;32.1
69;28/03/1991;28-039;6;22;W ;(+34);30;16;26;0.615;0;0;;10;11;0.909;1;0;1;4;0;2;3;42;30.1
70;29/03/1991;28-040;6;39;W ;(+18);35;7;17;0.412;1;2;0.5;5;5;1;0;5;5;5;2;1;1;20;16.8
71;31/03/1991;28-042;6;2;L ;(-3);51;12;36;0.333;0;3;0;13;13;1;3;4;7;9;2;0;4;37;23
72;02/04/1991;28-044;6;28;W ;(+4);41;17;26;0.654;0;0;;10;12;0.833;0;4;4;6;5;2;4;44;38.8
73;04/04/1991;28-046;6;26;W ;(+10);35;15;30;0.5;0;1;0;4;5;0.8;2;6;8;4;3;0;2;34;25.2
74;05/04/1991;28-047;6;33;L ;(-3);36;13;26;0.5;1;4;0.25;12;14;0.857;0;5;5;9;5;2;5;39;32.8
75;07/04/1991;28-049;6;29;L ;(-3);48;16;27;0.593;0;0;;9;14;0.643;1;3;4;5;4;2;0;41;36.2
76;09/04/1991;28-051;6;26;W ;(+2);37;10;18;0.556;1;3;0.333;7;8;0.875;0;6;6;8;1;0;0;28;27.4
77;10/04/1991;28-052;6;14;W ;(+5);41;12;21;0.571;0;0;;4;6;0.667;0;5;5;4;0;1;2;28;19.1
78;12/04/1991;28-054;6;11;L ;(-4);43;13;24;0.542;1;2;0.5;13;15;0.867;3;5;8;4;0;1;3;40;29.7
79;15/04/1991;28-057;6;20;W ;(+9);39;17;27;0.63;0;1;0;12;14;0.857;0;5;5;2;3;2;5;46;34.2
80;17/04/1991;28-059;6;19;W ;(+10);40;9;20;0.45;0;2;0;8;9;0.889;2;3;5;5;3;0;2;26;21.2
81;19/04/1991;28-061;6;5;W ;(+16);39;15;22;0.682;0;1;0;11;13;0.846;3;2;5;5;4;2;4;41;36.4
82;21/04/1991;28-063;6;11;W ;(+8);30;6;15;0.4;0;2;0;6;6;1;2;1;3;1;2;0;2;18;11.5
1;01/11/1991;28-257;6;29;W ;(+20);30;11;18;0.611;0;3;0;4;6;0.667;1;4;5;4;3;1;2;26;22.6
2;02/11/1991;28-258;6;20;L ;(-2);42;19;29;0.655;1;2;0.5;7;7;1;0;3;3;3;5;1;4;46;37.6
3;05/11/1991;28-261;6;12;L ;(-8);46;17;22;0.773;1;2;0.5;5;8;0.625;2;5;7;4;1;1;5;40;30.6
4;06/11/1991;28-262;6;2;W ;(+19);38;16;26;0.615;3;4;0.75;9;9;1;0;3;3;6;1;1;2;44;36.2
5;08/11/1991;28-264;6;9;W ;(+16);36;10;15;0.667;0;0;;6;8;0.75;1;6;7;5;4;0;0;26;28.3
6;09/11/1991;28-265;6;28;W ;(+31);35;13;26;0.5;0;3;0;1;1;1;2;3;5;9;3;1;1;27;24.5
7;12/11/1991;28-268;6;11;W ;(+17);29;8;14;0.571;0;1;0;4;5;0.8;0;3;3;4;3;0;0;20;18.1
8;13/11/1991;28-269;6;5;W ;(+22);33;11;19;0.579;1;3;0.333;12;12;1;1;5;6;5;3;3;2;35;34.5
9;15/11/1991;28-271;6;20;W ;(+13);37;5;10;0.5;0;0;;7;8;0.875;2;5;7;11;1;0;3;17;19.4
10;20/11/1991;28-276;6;12;W ;(+4);45;12;25;0.48;0;0;;11;13;0.846;1;8;9;7;3;1;3;35;29
11;22/11/1991;28-278;6;34;W ;(+3);45;11;26;0.423;0;1;0;9;10;0.9;1;5;6;4;2;0;1;31;20.4
12;23/11/1991;28-279;6;10;W ;(+7);41;15;28;0.536;0;1;0;7;7;1;0;6;6;3;0;1;2;37;24
13;26/11/1991;28-282;6;16;W ;(+37);33;11;19;0.579;0;2;0;1;2;0.5;1;9;10;5;1;0;6;23;14.4
14;29/11/1991;28-285;6;31;W ;(+2);51;16;39;0.41;0;1;0;8;10;0.8;3;5;8;7;3;1;3;40;25.9
15;30/11/1991;28-286;6;32;W ;(+16);39;13;21;0.619;0;2;0;4;9;0.444;0;6;6;8;0;1;2;30;23
16;04/12/1991;28-290;6;8;W ;(+6);41;7;20;0.35;0;1;0;2;2;1;1;8;9;9;3;0;7;16;8.6
17;06/12/1991;28-292;6;5;W ;(+18);34;8;19;0.421;1;2;0.5;2;4;0.5;1;10;11;10;1;0;1;19;17.6
18;07/12/1991;28-293;6;29;L ;(-3);41;12;25;0.48;0;1;0;8;10;0.8;3;11;14;9;3;1;4;32;29.1
19;10/12/1991;28-296;6;34;W ;(+5);39;7;20;0.35;0;1;0;5;8;0.625;3;8;11;1;0;1;1;19;10.3
20;13/12/1991;28-299;6;26;W ;(+10);43;9;18;0.5;0;2;0;9;12;0.75;1;7;8;6;4;0;3;27;24
21;14/12/1991;28-300;6;39;W ;(+13);33;12;19;0.632;0;1;0;5;8;0.625;3;6;9;1;2;3;1;29;25.8
22;17/12/1991;28-303;6;17;L ;(-13);38;6;20;0.3;0;3;0;9;10;0.9;0;4;4;7;3;3;0;21;19
23;20/12/1991;28-306;6;22;W ;(+17);30;8;18;0.444;0;0;;8;8;1;1;4;5;4;1;2;0;24;21.7
24;21/12/1991;28-307;6;1;W ;(+14);43;16;24;0.667;2;2;1;3;3;1;1;8;9;10;4;1;3;37;37.6
25;25/12/1991;28-311;6;2;W ;(+22);35;6;14;0.429;0;1;0;2;2;1;1;7;8;5;2;3;2;14;14.2
26;26/12/1991;28-312;6;1;W ;(+11);44;15;31;0.484;1;2;0.5;3;4;0.75;1;2;3;6;2;3;4;34;23.1
27;28/12/1991;28-314;6;32;W ;(+9);36;11;20;0.55;0;1;0;11;12;0.917;0;2;2;8;3;3;6;33;26.3
28;30/12/1991;28-316;6;14;W ;(+5);44;10;19;0.526;0;1;0;9;11;0.818;2;4;6;7;3;2;4;29;25.2
29;03/01/1992;28-320;6;20;L ;(-5);40;19;29;0.655;0;2;0;6;8;0.75;2;4;6;7;1;0;1;44;36.4
30;04/01/1992;28-321;6;22;W ;(+44);32;12;20;0.6;0;0;;3;4;0.75;2;3;5;1;1;2;0;27;22.4
31;07/01/1992;28-324;6;39;W ;(+13);37;7;15;0.467;1;1;1;6;6;1;0;5;5;9;4;1;3;21;21.6
32;08/01/1992;28-325;6;19;W ;(+2);47;17;27;0.63;0;0;;6;9;0.667;0;6;6;8;1;2;4;40;31.3
33;10/01/1992;28-327;6;36;W ;(+15);37;15;25;0.6;1;2;0.5;6;6;1;1;4;5;4;1;1;2;37;28.7
34;11/01/1992;28-328;6;19;W ;(+9);39;10;19;0.526;0;0;;10;10;1;0;6;6;7;1;1;1;30;26.5
35;14/01/1992;28-331;6;29;W ;(+23);33;11;20;0.55;0;1;0;4;4;1;0;5;5;4;5;2;2;26;25.1
36;16/01/1992;28-333;6;8;W ;(+15);39;15;26;0.577;0;2;0;5;6;0.833;0;4;4;8;2;1;2;35;28.3
37;17/01/1992;28-334;6;33;W ;(+6);38;10;23;0.435;1;1;1;10;10;1;0;4;4;8;1;0;1;31;24.5
38;19/01/1992;28-336;6;11;W ;(+2);45;12;27;0.444;0;2;0;10;14;0.714;0;6;6;6;2;0;3;34;22.1
39;21/01/1992;28-338;6;30;W ;(+6);41;13;23;0.565;0;0;;4;5;0.8;2;3;5;7;5;1;4;30;26.4
40;22/01/1992;28-339;6;5;W ;(+3);43;7;18;0.389;1;2;0.5;8;8;1;2;4;6;4;2;2;5;23;16.2
41;24/01/1992;28-341;6;11;W ;(+24);30;9;14;0.643;0;0;;2;2;1;1;1;2;5;0;2;2;20;17.7
42;25/01/1992;28-342;6;13;W ;(+14);41;12;27;0.444;3;3;1;8;10;0.8;0;3;3;5;4;1;4;35;24.4
43;28/01/1992;28-345;6;33;L ;(-5);44;15;31;0.484;0;1;0;9;11;0.818;0;9;9;7;4;0;3;39;29.9
44;30/01/1992;28-347;6;13;L ;(-3);43;9;26;0.346;0;1;0;4;4;1;2;3;5;5;3;0;1;22;14
45;31/01/1992;28-348;6;9;W ;(+15);37;10;17;0.588;0;1;0;5;6;0.833;2;8;10;9;1;0;1;25;25.6
46;02/02/1992;28-350;6;17;W ;(+6);44;13;27;0.481;1;1;1;6;8;0.75;0;8;8;11;2;0;5;33;24
47;03/02/1992;28-351;6;36;L ;(-3);56;13;34;0.382;1;1;1;7;9;0.778;2;11;13;8;2;1;2;34;23.6
48;11/02/1992;28-359;6;22;W ;(+20);34;13;23;0.565;0;0;;8;9;0.889;1;5;6;7;4;2;3;34;31.4
49;13/02/1992;28-361;6;26;W ;(+21);35;4;15;0.267;0;0;;9;11;0.818;0;2;2;5;1;0;1;17;11
50;15/02/1992;28-363;6;26;W ;(+1);42;9;24;0.375;0;0;;11;12;0.917;1;4;5;2;2;2;3;29;17.9
51;17/02/1992;29-000;6;8;L ;(-1);43;21;32;0.656;0;1;0;4;5;0.8;1;3;4;6;0;0;3;46;34
52;19/02/1992;29-002;6;28;W ;(+13);38;11;23;0.478;0;1;0;5;7;0.714;5;5;10;8;2;0;3;27;23.7
53;21/02/1992;29-004;6;1;W ;(+15);46;14;23;0.609;0;0;;5;6;0.833;1;9;10;14;4;0;4;33;34.5
54;22/02/1992;29-005;6;21;W ;(+15);35;13;27;0.481;0;3;0;4;6;0.667;2;4;6;8;1;2;1;30;24.3
55;25/02/1992;29-008;6;11;L ;(-2);42;11;22;0.5;0;0;;1;3;0.333;1;3;4;6;4;1;1;23;19.9
56;26/02/1992;29-009;6;39;W ;(+19);27;10;17;0.588;1;3;0.333;5;6;0.833;2;2;4;1;2;0;0;26;22.4
57;28/02/1992;29-011;6;20;W ;(+4);41;8;18;0.444;0;0;;8;10;0.8;1;5;6;6;2;2;2;24;20.8
58;01/03/1992;29-013;6;31;W ;(+20);36;10;23;0.435;0;2;0;11;12;0.917;0;9;9;7;3;0;5;31;22.9
59;03/03/1992;29-015;6;14;L ;(-2);39;12;21;0.571;0;0;;3;5;0.6;2;5;7;5;0;1;2;27;20.2
60;05/03/1992;29-017;6;21;W ;(+13);39;14;26;0.538;0;0;;5;5;1;1;4;5;5;1;1;1;33;25.3
61;06/03/1992;29-018;6;19;W ;(+42);28;12;20;0.6;0;1;0;3;3;1;0;6;6;2;2;1;2;27;20.9
62;08/03/1992;29-020;6;29;W ;(+4);43;12;26;0.462;0;1;0;10;13;0.769;3;8;11;8;1;0;1;34;28.3
63;11/03/1992;29-023;6;2;W ;(+34);35;14;23;0.609;0;0;;4;4;1;0;13;13;3;0;2;4;32;24.1
64;14/03/1992;29-026;6;28;W ;(+16);38;11;22;0.5;0;1;0;4;4;1;1;9;10;9;5;0;3;26;26.3
65;16/03/1992;29-028;6;19;W ;(+16);39;15;27;0.556;0;2;0;7;7;1;2;7;9;13;0;1;3;37;34
66;17/03/1992;29-029;6;22;W ;(+11);45;16;32;0.5;0;0;;8;12;0.667;4;6;10;4;2;2;1;40;31
67;19/03/1992;29-031;6;39;W ;(+6);43;19;30;0.633;1;1;1;12;15;0.8;2;9;11;3;1;1;0;51;43.1
68;21/03/1992;29-033;6;28;L ;(-3);38;10;22;0.455;0;0;;5;7;0.714;6;9;15;4;2;1;3;25;21.8
69;24/03/1992;29-036;6;10;W ;(+13);41;18;31;0.581;2;3;0.667;12;13;0.923;0;6;6;6;3;0;3;50;41.1
70;28/03/1992;29-040;6;8;W ;(+24);37;21;32;0.656;0;1;0;2;2;1;0;4;4;6;3;0;1;44;36.6
71;31/03/1992;29-043;6;26;W ;(+6);40;13;23;0.565;0;1;0;10;12;0.833;3;1;4;3;3;1;3;36;29.1
72;01/04/1992;29-044;6;5;W ;(+6);39;11;22;0.5;1;3;0.333;8;10;0.8;1;1;2;5;3;0;2;31;23.9
73;03/04/1992;29-046;6;16;W ;(+11);42;5;17;0.294;0;2;0;5;6;0.833;0;6;6;7;2;0;5;15;6.8
74;05/04/1992;29-048;6;2;L ;(-11);40;12;28;0.429;0;3;0;2;2;1;0;2;2;2;3;0;3;26;11.6
75;07/04/1992;29-050;6;20;W ;(+15);37;12;22;0.545;2;5;0.4;4;4;1;0;5;5;7;6;1;3;30;28.3
76;10/04/1992;29-053;6;14;W ;(+12);42;16;30;0.533;1;1;1;2;4;0.5;0;4;4;6;4;0;1;35;26.8
77;11/04/1992;29-054;6;14;W ;(+2);37;8;20;0.4;0;0;;7;7;1;1;4;5;8;5;1;1;23;23.6
78;13/04/1992;29-056;6;1;W ;(+7);23;6;12;0.5;0;1;0;0;0;;0;1;1;7;3;1;2;12;12.5
79;17/04/1992;29-060;6;1;W ;(+26);32;9;16;0.563;0;0;;3;4;0.75;1;3;4;8;0;0;5;21;13.6
80;19/04/1992;29-062;6;11;W ;(+18);39;9;17;0.529;0;0;;14;15;0.933;0;2;2;7;2;1;7;32;23.7
1;06/11/1992;29-263;6;8;W ;(+5);37;12;26;0.462;0;2;0;5;6;0.833;3;3;6;2;3;3;2;29;22.3
2;07/11/1992;29-264;6;1;L ;(-1);39;13;29;0.448;1;4;0.25;8;9;0.889;0;4;4;11;4;0;6;35;24.8
3;09/11/1992;29-266;6;14;W ;(+5);42;10;20;0.5;0;1;0;4;5;0.8;0;2;2;12;2;0;4;24;20.2
4;11/11/1992;29-268;6;11;W ;(+2);52;13;24;0.542;3;3;1;8;10;0.8;2;8;10;4;0;1;5;37;26.5
5;13/11/1992;29-270;6;20;W ;(+5);42;14;31;0.452;0;2;0;6;8;0.75;3;3;6;4;3;2;5;34;21.5
6;14/11/1992;29-271;6;10;W ;(+33);22;7;13;0.538;2;5;0.4;2;2;1;0;4;4;7;3;1;2;18;19.1
7;17/11/1992;29-274;6;21;W ;(+21);31;14;21;0.667;2;2;1;2;3;0.667;1;2;3;5;4;1;3;32;28.6
8;19/11/1992;29-276;6;34;W ;(+9);34;14;22;0.636;2;4;0.5;5;5;1;1;5;6;2;2;0;2;35;28.4
9;20/11/1992;29-277;6;17;L ;(-2);47;21;39;0.538;1;2;0.5;11;14;0.786;5;8;13;7;1;3;5;54;41.2
10;22/11/1992;29-279;6;30;W ;(+17);39;16;27;0.593;0;2;0;8;8;1;0;3;3;7;3;4;1;40;37.7
11;24/11/1992;29-281;6;12;W ;(+9);44;18;30;0.6;1;3;0.333;12;14;0.857;2;3;5;7;1;1;3;49;39.5
12;28/11/1992;29-285;6;26;L ;(-37);38;4;20;0.2;0;1;0;9;9;1;3;3;6;4;1;0;0;17;10.6
13;04/12/1992;29-291;6;31;W ;(+12);38;15;25;0.6;1;1;1;7;9;0.778;4;9;13;2;1;0;1;38;32.2
14;05/12/1992;29-292;6;2;W ;(+7);37;8;20;0.4;0;1;0;8;9;0.889;0;3;3;5;2;0;2;24;16.4
15;08/12/1992;29-295;6;1;L ;(-9);46;14;28;0.5;2;4;0.5;2;2;1;3;9;12;8;1;0;2;32;25.4
16;09/12/1992;29-296;6;8;W ;(+17);35;10;22;0.455;1;3;0.333;7;7;1;2;9;11;10;4;2;3;28;29.3
17;11/12/1992;29-298;6;13;L ;(-14);40;11;23;0.478;1;3;0.333;3;3;1;4;7;11;4;0;1;4;26;17.1
18;12/12/1992;29-299;6;22;W ;(+6);41;13;26;0.5;3;6;0.5;9;12;0.75;0;6;6;3;1;1;2;38;26.6
19;15/12/1992;29-302;6;5;W ;(+15);33;11;21;0.524;3;3;1;0;0;;1;3;4;6;3;2;5;25;19.5
20;17/12/1992;29-304;6;39;W ;(+8);40;12;29;0.414;0;1;0;4;4;1;1;6;7;8;4;2;1;28;23.8
21;19/12/1992;29-306;6;29;L ;(-2);42;11;26;0.423;1;4;0.25;0;0;;4;6;10;10;4;1;1;23;22.9
22;21/12/1992;29-308;6;19;W ;(+4);43;6;19;0.316;1;3;0.333;5;6;0.833;3;5;8;3;5;2;2;18;16
23;23/12/1992;29-310;6;39;W ;(+9);42;22;37;0.595;6;8;0.75;7;8;0.875;0;2;2;10;3;1;1;57;48.6
24;25/12/1992;29-312;6;26;W ;(+12);41;15;34;0.441;0;4;0;12;16;0.75;0;8;8;5;3;1;4;42;27.4
25;26/12/1992;29-313;6;14;W ;(+11);40;8;22;0.364;1;3;0.333;0;0;;3;6;9;8;1;0;2;17;11.3
26;29/12/1992;29-316;6;5;W ;(+11);42;9;25;0.36;1;3;0.333;9;10;0.9;4;8;12;11;0;1;3;28;23.9
27;30/12/1992;29-317;6;19;W ;(+5);40;9;18;0.5;0;1;0;21;24;0.875;1;5;6;8;3;2;1;39;39.2
28;02/01/1993;29-320;6;14;W ;(+9);40;14;27;0.519;2;4;0.5;9;11;0.818;3;5;8;5;1;0;2;39;29.8
29;05/01/1993;29-323;6;17;L ;(-3);41;15;31;0.484;1;6;0.167;5;6;0.833;0;4;4;5;2;1;1;36;24.7
30;06/01/1993;29-324;6;8;L ;(-22);34;10;22;0.455;0;1;0;3;5;0.6;2;6;8;3;1;0;2;23;14.7
31;08/01/1993;29-326;6;20;W ;(+25);35;15;26;0.577;2;5;0.4;3;3;1;3;5;8;7;4;0;2;35;32.5
32;09/01/1993;29-327;6;29;L ;(-13);44;13;36;0.361;0;4;0;4;4;1;2;9;11;6;2;0;3;30;15.3
33;12/01/1993;29-330;6;28;W ;(+16);37;9;22;0.409;0;1;0;5;6;0.833;2;6;8;4;3;3;3;23;18.9
34;15/01/1993;29-333;6;12;W ;(+21);38;10;19;0.526;1;2;0.5;5;5;1;2;10;12;10;5;2;2;26;32.1
35;16/01/1993;29-334;6;28;L ;(-4);47;27;49;0.551;1;5;0.2;9;11;0.818;4;2;6;1;5;0;2;64;44.8
36;18/01/1993;29-336;6;2;W ;(+10);30;10;22;0.455;0;1;0;9;10;0.9;4;4;8;3;4;1;2;29;25.6
37;21/01/1993;29-339;6;22;W ;(+13);39;12;24;0.5;2;4;0.5;4;4;1;1;2;3;4;4;0;3;30;22.3
38;22/01/1993;29-340;6;5;L ;(-8);43;10;26;0.385;0;2;0;8;11;0.727;2;4;6;2;3;1;1;28;17.7
39;24/01/1993;29-342;6;33;L ;(-4);44;16;35;0.457;0;2;0;10;11;0.909;5;6;11;3;4;2;4;42;31.1
40;26/01/1993;29-344;6;9;W ;(+35);27;7;15;0.467;1;4;0.25;0;0;;2;8;10;4;3;0;3;15;12.7
41;28/01/1993;29-346;6;13;L ;(-11);39;12;27;0.444;1;1;1;1;2;0.5;0;6;6;4;5;0;3;26;17.3
42;30/01/1993;29-348;6;10;L ;(-7);41;14;31;0.452;0;2;0;11;15;0.733;3;4;7;5;4;1;3;39;29
43;01/02/1993;29-350;6;36;W ;(+4);43;13;28;0.464;1;3;0.333;10;14;0.714;3;4;7;2;1;1;4;37;23.4
44;03/02/1993;29-352;6;32;W ;(+19);39;14;26;0.538;2;2;1;6;7;0.857;0;3;3;2;2;2;3;36;23.7
45;04/02/1993;29-353;6;16;W ;(+2);47;13;34;0.382;0;3;0;7;7;1;2;4;6;4;2;1;3;33;17.5
46;07/02/1993;29-356;6;31;W ;(+10);43;13;28;0.464;4;7;0.571;4;6;0.667;3;8;11;5;2;2;1;34;28.8
47;10/02/1993;29-359;6;14;W ;(+11);42;16;27;0.593;1;3;0.333;7;9;0.778;1;8;9;8;6;0;3;40;37.6
48;13/02/1993;29-362;6;8;L ;(-5);43;12;22;0.545;0;3;0;1;2;0.5;1;5;6;5;3;1;3;25;19.6
49;15/02/1993;29-364;6;32;W ;(+18);37;12;21;0.571;0;2;0;8;10;0.8;3;5;8;6;3;1;3;32;28.6
50;17/02/1993;30-000;6;36;W ;(+18);34;10;25;0.4;2;6;0.333;5;7;0.714;4;4;8;6;3;0;3;27;20.1
51;23/02/1993;30-006;6;20;W ;(+4);41;15;26;0.577;0;1;0;4;6;0.667;1;2;3;4;3;1;2;34;25.6
52;25/02/1993;30-008;6;28;W ;(+2);41;13;29;0.448;1;3;0.333;9;10;0.9;0;4;4;4;4;0;2;36;25.3
53;27/02/1993;30-010;6;1;W ;(+20);36;13;27;0.481;3;4;0.75;5;5;1;2;7;9;8;2;0;2;34;29
54;02/03/1993;30-013;6;22;W ;(+7);40;8;17;0.471;1;3;0.333;7;9;0.778;3;6;9;8;1;0;6;24;17.4
55;09/03/1993;30-020;6;34;W ;(+3);41;15;28;0.536;0;3;0;8;9;0.889;2;2;4;9;6;1;2;38;35.8
56;11/03/1993;30-022;6;19;L ;(-2);38;11;25;0.44;1;2;0.5;6;6;1;0;5;5;8;0;0;1;29;20
57;12/03/1993;30-023;6;5;W ;(+15);43;21;35;0.6;2;4;0.5;8;9;0.889;3;6;9;5;2;1;0;52;44.4
58;14/03/1993;30-025;6;11;L ;(-2);43;11;25;0.44;1;3;0.333;5;6;0.833;0;5;5;6;1;0;0;28;20.8
59;15/03/1993;30-026;6;16;W ;(+7);38;10;22;0.455;0;1;0;3;4;0.75;3;6;9;4;4;0;7;23;13.7
60;19/03/1993;30-030;6;39;W ;(+5);39;9;27;0.333;0;0;;7;7;1;1;2;3;5;2;1;0;25;15.6
61;20/03/1993;30-031;6;39;W ;(+25);31;16;27;0.593;2;2;1;13;15;0.867;0;8;8;4;2;0;1;47;39.1
62;23/03/1993;30-034;6;21;W ;(+7);42;12;21;0.571;4;6;0.667;6;6;1;1;4;5;7;5;1;3;34;33.2
63;24/03/1993;30-035;6;29;W ;(+13);39;20;29;0.69;2;4;0.5;1;2;0.5;0;2;2;4;3;0;5;43;30.9
64;26/03/1993;30-037;6;28;W ;(+21);33;5;14;0.357;0;0;;8;8;1;0;7;7;6;2;0;1;18;17.1
65;30/03/1993;30-041;6;30;L ;(-4);40;19;31;0.613;0;6;0;6;7;0.857;0;3;3;5;4;0;3;44;34.5
66;02/04/1993;30-044;6;22;W ;(+13);38;16;24;0.667;0;0;;8;9;0.889;1;6;7;7;9;1;5;40;40.1
67;04/04/1993;30-046;6;2;W ;(+12);40;14;23;0.609;1;1;1;3;6;0.5;1;4;5;2;2;0;4;32;20.8
68;06/04/1993;30-048;6;20;L ;(-4);44;13;30;0.433;1;6;0.167;3;4;0.75;1;4;5;6;4;0;5;30;17.3
69;09/04/1993;30-051;6;1;W ;(+1);44;12;23;0.522;1;3;0.333;5;5;1;1;11;12;4;4;2;7;30;23.1
70;10/04/1993;30-052;6;14;W ;(+5);42;11;25;0.44;0;1;0;3;4;0.75;2;4;6;5;5;0;3;25;18.4
71;12/04/1993;30-054;6;11;W ;(+3);41;9;21;0.429;0;4;0;5;5;1;0;6;6;4;2;0;3;23;14.3
72;14/04/1993;30-056;6;19;W ;(+27);31;12;19;0.632;3;4;0.75;7;7;1;1;3;4;4;2;0;1;34;29.7
73;16/04/1993;30-058;6;20;W ;(+14);35;15;25;0.6;0;3;0;17;21;0.81;1;6;7;5;5;0;1;47;43.5
74;18/04/1993;30-060;6;8;L ;(-9);45;13;26;0.5;0;3;0;6;7;0.857;1;0;1;9;0;1;3;32;22.1
75;20/04/1993;30-062;6;29;W ;(+29);27;12;22;0.545;3;6;0.5;1;1;1;1;2;3;4;8;0;1;28;28.1
76;22/04/1993;30-064;6;11;W ;(+6);46;15;27;0.556;0;1;0;6;11;0.545;1;6;7;4;4;0;2;36;26.8
77;23/04/1993;30-065;6;5;L ;(-1);38;15;27;0.556;1;2;0.5;7;8;0.875;1;3;4;3;0;0;2;38;25.2
78;25/04/1993;30-067;6;26;L ;(-5);37;10;28;0.357;0;2;0;1;3;0.333;5;1;6;7;1;1;4;21;10.6
1;19/03/1995;32-030;6;14;L ;(-7);43;7;28;0.25;0;4;0;5;6;0.833;2;4;6;6;3;0;3;19;7.4
2;22/03/1995;32-033;6;2;W ;(+17);26;9;17;0.529;1;3;0.333;8;8;1;0;3;3;3;2;1;0;27;22.8
3;24/03/1995;32-035;6;28;L ;(-7);44;7;23;0.304;0;2;0;7;11;0.636;0;4;4;8;5;2;2;21;16.5
4;25/03/1995;32-036;6;1;W ;(+1);43;14;26;0.538;0;1;0;4;4;1;0;4;4;2;1;0;0;32;22.2
5;28/03/1995;32-039;6;26;W ;(+2);39;21;37;0.568;3;4;0.75;10;11;0.909;0;4;4;2;1;0;2;55;37.5
6;30/03/1995;32-041;6;2;W ;(+18);39;8;17;0.471;2;2;1;5;7;0.714;0;11;11;6;0;0;4;23;16.2
7;01/04/1995;32-043;6;29;W ;(+7);35;5;19;0.263;0;1;0;2;4;0.5;1;4;5;6;1;1;3;12;3.9
8;05/04/1995;32-047;6;22;W ;(+7);43;13;31;0.419;1;1;1;10;14;0.714;3;8;11;2;3;1;2;37;25.3
9;07/04/1995;32-049;6;8;W ;(+9);42;9;27;0.333;1;2;0.5;9;10;0.9;0;8;8;9;2;1;4;28;17.7
10;09/04/1995;32-051;6;8;L ;(-1);46;9;26;0.346;2;3;0.667;1;2;0.5;4;5;9;5;1;1;3;21;11.7
11;11/04/1995;32-053;6;14;W ;(+7);42;8;27;0.296;1;1;1;8;10;0.8;2;9;11;6;1;2;1;25;16.6
12;12/04/1995;32-054;6;11;W ;(+11);44;12;23;0.522;1;2;0.5;4;4;1;1;8;9;9;0;0;4;29;21.5
13;16/04/1995;32-058;6;26;W ;(+21);37;8;19;0.421;0;0;;12;14;0.857;4;2;6;4;3;1;1;28;25.2
14;17/04/1995;32-059;6;19;W ;(+5);40;9;21;0.429;0;0;;13;16;0.813;0;5;5;4;3;0;1;31;24.2
15;20/04/1995;32-062;6;11;W ;(+15);27;8;18;0.444;0;0;;1;1;1;4;4;8;7;1;2;0;17;18.1
16;22/04/1995;32-064;6;5;W ;(+16);33;8;16;0.5;0;2;0;3;4;0.75;0;2;2;4;0;0;1;19;12.6
17;23/04/1995;32-065;6;20;L ;(-4);45;11;29;0.379;4;4;1;7;10;0.7;4;7;11;7;3;1;4;33;23.8
1;03/11/1995;32-259;6;5;W ;(+14);39;16;29;0.552;3;7;0.429;7;9;0.778;1;5;6;7;0;0;1;42;31.8
2;04/11/1995;32-260;6;2;W ;(+22);21;5;12;0.417;0;1;0;5;7;0.714;0;0;0;3;3;1;0;15;12
3;07/11/1995;32-263;6;35;W ;(+9);40;13;19;0.684;3;4;0.75;9;9;1;1;3;4;5;4;0;1;38;37.2
4;09/11/1995;32-265;6;8;W ;(+18);37;12;24;0.5;4;8;0.5;1;2;0.5;0;5;5;3;0;0;3;29;16
5;11/11/1995;32-267;6;31;W ;(+4);40;11;23;0.478;0;2;0;14;15;0.933;2;1;3;7;1;1;3;36;28
6;14/11/1995;32-270;6;28;L ;(-6);40;8;20;0.4;3;7;0.429;4;5;0.8;2;5;7;6;2;0;2;23;17.3
7;15/11/1995;32-271;6;8;W ;(+19);29;7;10;0.7;1;2;0.5;5;7;0.714;1;6;7;2;1;0;1;20;18.1
8;17/11/1995;32-273;6;22;W ;(+15);35;7;16;0.438;0;1;0;4;4;1;1;2;3;3;4;0;5;18;10.8
9;21/11/1995;32-277;6;9;W ;(+6);45;12;25;0.48;0;2;0;12;13;0.923;0;8;8;5;2;2;0;36;31
10;22/11/1995;32-278;6;33;W ;(+9);43;15;27;0.556;1;1;1;7;8;0.875;2;7;9;2;4;0;5;38;26.6
11;24/11/1995;32-280;6;36;W ;(+5);40;9;21;0.429;2;5;0.4;14;17;0.824;0;8;8;6;1;0;4;34;24.1
12;26/11/1995;32-282;6;34;L ;(-5);40;6;19;0.316;0;4;0;10;11;0.909;2;3;5;4;2;0;4;22;13.4
13;27/11/1995;32-283;6;31;W ;(+3);41;13;22;0.591;0;3;0;7;8;0.875;1;2;3;8;4;0;4;33;28.1
14;30/11/1995;32-286;6;37;W ;(+6);39;14;26;0.538;0;2;0;1;2;0.5;1;2;3;4;3;0;2;29;20.7
15;02/12/1995;32-288;6;16;W ;(+6);43;13;22;0.591;0;2;0;11;14;0.786;5;6;11;5;4;1;2;37;35.9
16;06/12/1995;32-292;6;26;W ;(+7);45;8;27;0.296;0;0;;6;6;1;0;3;3;8;0;0;0;22;11.6
17;08/12/1995;32-294;6;33;W ;(+19);36;11;23;0.478;0;1;0;6;6;1;1;4;5;6;3;1;1;28;23.5
18;09/12/1995;32-295;6;20;W ;(+12);42;16;28;0.571;0;0;;13;16;0.813;3;2;5;4;2;0;2;45;34.9
19;13/12/1995;32-299;6;28;W ;(+9);43;15;30;0.5;4;7;0.571;2;6;0.333;3;3;6;2;2;1;4;36;21.3
20;14/12/1995;32-300;6;1;W ;(+19);31;8;16;0.5;1;4;0.25;5;5;1;1;2;3;1;0;0;3;22;11.8
21;16/12/1995;32-302;6;17;W ;(+20);38;5;20;0.25;0;1;0;10;10;1;2;5;7;6;5;1;3;20;17
22;18/12/1995;32-304;6;2;W ;(+9);40;16;27;0.593;0;1;0;5;8;0.625;0;6;6;3;5;0;2;37;29.4
23;19/12/1995;32-305;6;9;W ;(+13);36;12;23;0.522;0;1;0;8;8;1;1;3;4;4;1;0;0;32;25.7
24;22/12/1995;32-308;6;35;W ;(+9);40;9;19;0.474;2;3;0.667;7;7;1;3;7;10;5;3;0;2;27;25.6
25;23/12/1995;32-309;6;36;W ;(+14);37;12;22;0.545;1;2;0.5;5;5;1;1;6;7;8;3;1;2;30;28.4
26;26/12/1995;32-312;6;14;L ;(-6);43;11;28;0.393;1;2;0.5;7;9;0.778;2;8;10;4;1;2;2;30;19.8
27;29/12/1995;32-315;6;14;W ;(+27);36;8;20;0.4;0;2;0;13;18;0.722;3;4;7;3;3;0;4;29;19
28;30/12/1995;32-316;6;1;W ;(+2);42;14;27;0.519;1;2;0.5;4;6;0.667;2;5;7;6;4;1;5;33;24.5
29;03/01/1996;32-320;6;13;W ;(+14);40;17;29;0.586;1;1;1;3;4;0.75;3;5;8;5;3;0;1;38;32
30;04/01/1996;32-321;6;5;W ;(+24);34;11;20;0.55;0;1;0;5;7;0.714;1;4;5;5;1;0;1;27;21.6
31;06/01/1996;32-323;6;20;W ;(+29);37;10;20;0.5;2;4;0.5;10;12;0.833;1;1;2;3;3;1;0;32;27.2
32;10/01/1996;32-327;6;34;W ;(+26);36;14;25;0.56;1;2;0.5;6;7;0.857;1;13;14;5;0;1;4;35;26.7
33;13/01/1996;32-330;6;29;W ;(+27);34;18;28;0.643;5;7;0.714;7;7;1;3;7;10;2;1;1;2;48;40.5
34;15/01/1996;32-332;6;39;W ;(+7);39;16;31;0.516;3;7;0.429;11;11;1;0;4;4;2;1;0;5;46;27.3
35;16/01/1996;32-333;6;29;W ;(+12);32;13;22;0.591;2;6;0.333;4;6;0.667;3;4;7;2;3;0;1;32;27.3
36;18/01/1996;32-335;6;35;W ;(+3);43;14;28;0.5;4;8;0.5;6;8;0.75;4;5;9;2;1;0;1;38;28.9
37;21/01/1996;32-338;6;11;W ;(+15);43;12;23;0.522;3;5;0.6;9;11;0.818;3;5;8;4;2;1;3;36;29.6
38;23/01/1996;32-340;6;26;W ;(+20);36;13;23;0.565;3;4;0.75;4;5;0.8;1;5;6;4;3;0;2;33;27.3
39;24/01/1996;32-341;6;37;W ;(+20);26;4;10;0.4;0;1;0;4;6;0.667;1;2;3;6;0;0;1;12;8.7
40;26/01/1996;32-343;6;19;W ;(+22);35;10;21;0.476;1;3;0.333;4;5;0.8;4;5;9;4;3;2;8;25;15.8
41;28/01/1996;32-345;6;30;W ;(+11);42;13;25;0.52;0;2;0;5;7;0.714;3;3;6;6;3;1;2;31;24.8
42;30/01/1996;32-347;6;13;W ;(+11);43;7;26;0.269;1;6;0.167;7;8;0.875;3;5;8;1;4;0;2;22;11.3
43;01/02/1996;32-349;6;32;W ;(+20);38;7;16;0.438;0;1;0;13;14;0.929;0;2;2;1;2;1;4;27;16.6
44;02/02/1996;32-350;6;17;W ;(+15);39;8;17;0.471;0;0;;1;1;1;3;4;7;7;1;0;3;17;13.7
45;04/02/1996;32-352;6;10;L ;(-6);42;13;29;0.448;4;7;0.571;9;11;0.818;0;3;3;4;3;1;4;39;26.1
46;06/02/1996;32-354;6;30;L ;(-10);40;9;22;0.409;0;2;0;10;17;0.588;2;0;2;6;3;0;3;28;17
47;07/02/1996;32-355;6;12;W ;(+4);46;15;31;0.484;0;0;;10;13;0.769;6;5;11;6;3;2;2;40;34.2
48;13/02/1996;32-361;6;39;W ;(+13);36;11;23;0.478;2;3;0.667;8;10;0.8;2;7;9;3;0;0;4;32;20.3
49;15/02/1996;32-363;6;11;W ;(+3);49;10;30;0.333;0;1;0;12;12;1;2;6;8;5;3;0;1;32;22.9
50;16/02/1996;32-364;6;21;W ;(+3);38;13;23;0.565;4;4;1;5;5;1;1;6;7;4;0;1;2;35;27.7
51;18/02/1996;33-001;6;14;W ;(+8);42;16;29;0.552;3;4;0.75;9;10;0.9;4;1;5;7;3;2;3;44;38.3
52;20/02/1996;33-003;6;8;W ;(+26);35;6;19;0.316;0;0;;2;3;0.667;3;6;9;6;0;0;0;14;9.6
53;22/02/1996;33-005;6;1;W ;(+5);43;15;26;0.577;2;2;1;2;2;1;1;2;3;3;0;1;2;34;23.9
54;23/02/1996;33-006;6;19;L ;(-9);40;9;21;0.429;1;4;0.25;12;13;0.923;3;6;9;5;4;0;3;31;26.3
55;25/02/1996;33-008;6;28;W ;(+20);40;8;19;0.421;1;1;1;6;8;0.75;2;3;5;7;2;0;1;23;19.5
56;27/02/1996;33-010;6;21;W ;(+21);41;11;24;0.458;2;3;0.667;11;12;0.917;2;4;6;7;2;0;1;35;29.9
57;01/03/1996;33-013;6;12;W ;(+23);35;7;17;0.412;1;3;0.333;2;3;0.667;0;3;3;6;6;0;3;17;15.2
58;02/03/1996;33-014;6;2;W ;(+32);32;8;15;0.533;0;2;0;5;8;0.625;3;5;8;8;4;1;1;21;25.4
59;05/03/1996;33-017;6;20;W ;(+9);32;12;20;0.6;4;5;0.8;5;6;0.833;4;4;8;4;2;0;3;33;29.2
60;07/03/1996;33-019;6;11;W ;(+21);38;21;28;0.75;2;4;0.5;9;10;0.9;2;9;11;2;6;0;4;53;47.7
61;10/03/1996;33-022;6;26;L ;(-32);43;12;26;0.462;2;4;0.5;6;7;0.857;1;7;8;3;1;1;7;32;16.6
62;13/03/1996;33-025;6;39;W ;(+17);36;12;25;0.48;2;6;0.333;11;12;0.917;0;6;6;5;1;0;3;37;26.4
63;15/03/1996;33-027;6;10;W ;(+21);36;14;22;0.636;3;5;0.6;2;3;0.667;0;6;6;3;3;2;3;33;27.3
64;16/03/1996;33-028;6;22;W ;(+4);43;14;29;0.483;2;5;0.4;7;7;1;2;14;16;5;1;3;0;37;32.9
65;18/03/1996;33-030;6;29;W ;(+4);47;15;32;0.469;0;5;0;8;10;0.8;2;9;11;4;1;0;2;38;24.7
66;19/03/1996;33-031;6;32;W ;(+22);35;7;16;0.438;0;3;0;6;6;1;2;7;9;3;2;0;6;20;12
67;21/03/1996;33-033;6;26;W ;(+21);37;14;24;0.583;1;4;0.25;7;7;1;0;11;11;5;1;0;1;36;30.4
68;24/03/1996;33-036;6;35;L ;(-1);39;14;22;0.636;0;1;0;8;8;1;5;4;9;2;0;2;2;36;30.5
69;28/03/1996;33-040;6;1;W ;(+31);30;5;12;0.417;0;1;0;3;6;0.5;0;5;5;7;1;1;0;13;12.3
70;30/03/1996;33-042;6;16;W ;(+21);34;6;15;0.4;0;1;0;9;10;0.9;4;5;9;6;2;0;1;21;21.6
71;02/04/1996;33-045;6;19;W ;(+18);37;11;23;0.478;2;3;0.667;8;8;1;1;7;8;3;2;0;1;32;24.6
72;04/04/1996;33-047;6;19;W ;(+8);41;13;24;0.542;1;4;0.25;13;16;0.813;3;4;7;3;4;2;4;40;33.2
73;05/04/1996;33-048;6;5;W ;(+34);28;10;16;0.625;2;2;1;2;3;0.667;0;5;5;4;3;0;3;24;20.7
74;07/04/1996;33-050;6;28;W ;(+4);44;10;30;0.333;2;4;0.5;5;5;1;1;2;3;1;2;0;1;27;12.2
75;08/04/1996;33-051;6;5;L ;(-1);42;13;27;0.481;1;3;0.333;13;19;0.684;4;7;11;5;1;0;1;40;31.5
76;11/04/1996;33-054;6;22;W ;(+13);26;8;18;0.444;0;1;0;1;4;0.25;3;4;7;3;3;0;3;17;11.8
77;12/04/1996;33-055;6;29;W ;(+30);29;10;16;0.625;2;4;0.5;1;1;1;2;1;3;0;4;1;2;23;19.4
78;14/04/1996;33-057;6;8;W ;(+26);35;11;18;0.611;4;7;0.571;6;6;1;3;9;12;3;1;0;3;32;28.7
79;16/04/1996;33-059;6;20;W ;(+6);42;9;27;0.333;1;4;0.25;3;4;0.75;1;8;9;4;2;1;4;22;10.5
80;18/04/1996;33-061;6;11;W ;(+31);24;11;18;0.611;4;5;0.8;4;4;1;1;4;5;1;1;0;2;30;23
81;20/04/1996;33-063;6;14;L ;(-1);31;9;23;0.391;2;5;0.4;4;5;0.8;0;2;2;6;1;1;3;24;13
82;21/04/1996;33-064;6;39;W ;(+10);24;11;22;0.5;1;3;0.333;3;3;1;1;3;4;4;4;0;1;26;22.4
1;01/11/1996;33-258;6;2;W ;(+9);43;10;22;0.455;0;5;0;10;13;0.769;1;3;4;3;0;0;1;30;19.3
2;02/11/1996;33-259;6;29;W ;(+29);30;11;20;0.55;3;7;0.429;2;2;1;1;1;2;5;4;0;2;27;23.1
3;05/11/1996;33-262;6;37;W ;(+23);31;9;18;0.5;3;5;0.6;1;1;1;2;5;7;3;4;0;4;22;17.2
4;06/11/1996;33-263;6;19;W ;(+6);40;18;33;0.545;1;2;0.5;13;14;0.929;1;5;6;0;1;1;0;50;37.2
5;08/11/1996;33-265;6;11;W ;(+18);36;6;14;0.429;1;3;0.333;2;2;1;1;3;4;8;1;0;0;15;14.6
6;09/11/1996;33-266;6;2;W ;(+12);32;10;23;0.435;0;2;0;7;11;0.636;2;1;3;3;1;0;0;27;17.3
7;11/11/1996;33-268;6;30;W ;(+18);35;12;21;0.571;1;1;1;1;2;0.5;1;1;2;5;1;1;3;26;18.5
8;13/11/1996;33-270;6;19;W ;(+32);34;8;23;0.348;0;1;0;12;16;0.75;1;4;5;3;1;0;0;28;17.3
9;15/11/1996;33-272;6;5;W ;(+23);29;15;25;0.6;4;5;0.8;4;4;1;0;1;1;2;1;1;1;38;28.1
10;16/11/1996;33-273;6;1;W ;(+28);35;11;23;0.478;0;1;0;3;4;0.75;0;5;5;3;1;0;2;25;14.7
11;20/11/1996;33-277;6;30;W ;(+14);35;16;29;0.552;0;0;;5;6;0.833;1;3;4;4;1;1;2;37;25.6
12;21/11/1996;33-278;6;10;W ;(+18);34;12;23;0.522;0;2;0;7;7;1;4;3;7;3;2;1;2;31;25.4
13;23/11/1996;33-280;6;36;L ;(-5);39;17;32;0.531;0;6;0;10;12;0.833;1;5;6;4;2;1;2;44;32.1
14;25/11/1996;33-282;6;16;W ;(+4);43;14;26;0.538;1;3;0.333;11;12;0.917;1;6;7;2;2;4;2;40;32.5
15;29/11/1996;33-286;6;9;W ;(+19);40;13;23;0.565;4;5;0.8;6;6;1;0;7;7;4;2;0;2;36;29.6
16;30/11/1996;33-287;6;33;W ;(+9);38;14;35;0.4;2;5;0.4;5;5;1;0;9;9;3;0;0;1;35;19.9
17;03/12/1996;33-290;6;20;W ;(+3);41;13;27;0.481;0;0;;14;17;0.824;2;4;6;6;0;0;3;40;28.5
18;05/12/1996;33-292;6;16;W ;(+18);31;9;21;0.429;0;3;0;2;3;0.667;1;3;4;6;2;0;1;20;14.1
19;07/12/1996;33-294;6;19;L ;(-3);42;16;30;0.533;0;3;0;5;6;0.833;1;8;9;3;0;0;0;37;26.8
20;08/12/1996;33-295;6;35;L ;(-8);41;5;17;0.294;1;4;0.25;2;2;1;0;9;9;8;2;2;3;13;11.4
21;11/12/1996;33-298;6;21;W ;(+17);36;10;16;0.625;1;1;1;6;6;1;0;7;7;3;3;0;1;27;26
22;13/12/1996;33-300;6;22;W ;(+21);34;9;19;0.474;3;5;0.6;11;12;0.917;0;6;6;6;4;0;1;32;30.1
23;14/12/1996;33-301;6;5;W ;(+5);41;10;26;0.385;0;3;0;9;12;0.75;2;7;9;5;5;0;1;29;24.6
24;17/12/1996;33-304;6;17;W ;(+6);47;10;32;0.313;0;2;0;10;14;0.714;5;4;9;3;1;1;2;30;15.7
25;19/12/1996;33-306;6;5;W ;(+21);36;13;27;0.481;3;8;0.375;6;7;0.857;5;3;8;1;1;1;2;35;25.7
26;21/12/1996;33-308;6;29;W ;(+6);44;12;29;0.414;1;3;0.333;6;8;0.75;0;1;1;3;1;1;1;31;16.2
27;23/12/1996;33-310;6;22;W ;(+32);33;10;18;0.556;0;1;0;4;4;1;2;1;3;4;0;0;3;24;16.5
28;25/12/1996;33-312;6;11;W ;(+12);46;9;21;0.429;0;4;0;5;7;0.714;6;4;10;2;1;0;4;23;13.7
29;26/12/1996;33-313;6;1;L ;(-5);40;10;25;0.4;2;5;0.4;12;13;0.923;0;3;3;1;2;1;0;34;23.6
30;28/12/1996;33-315;6;8;W ;(+5);42;13;25;0.52;0;1;0;19;20;0.95;2;5;7;5;3;0;4;45;36.1
31;30/12/1996;33-317;6;14;W ;(+2);40;12;29;0.414;1;5;0.2;3;4;0.75;3;4;7;4;1;0;3;28;15.8
32;03/01/1997;33-321;6;28;W ;(+21);35;10;18;0.556;0;2;0;2;2;1;1;3;4;6;2;1;2;22;19.1
33;06/01/1997;33-324;6;36;W ;(+13);40;8;20;0.4;2;3;0.667;5;6;0.833;3;5;8;3;3;1;1;23;19.8
34;10/01/1997;33-328;6;20;W ;(+15);38;11;23;0.478;3;4;0.75;8;13;0.615;1;4;5;3;0;0;0;33;22.5
35;11/01/1997;33-329;6;13;W ;(+24);39;12;25;0.48;4;6;0.667;4;4;1;0;6;6;7;2;0;3;32;24.6
36;14/01/1997;33-332;6;39;W ;(+1);40;14;27;0.519;0;4;0;11;11;1;0;2;2;2;2;0;0;39;28.5
37;15/01/1997;33-333;6;21;W ;(+10);35;12;22;0.545;1;5;0.2;0;0;;1;2;3;4;1;1;3;25;16.4
38;17/01/1997;33-335;6;20;W ;(+27);36;10;15;0.667;1;2;0.5;3;4;0.75;1;6;7;11;2;0;1;24;27.5
39;19/01/1997;33-337;6;13;L ;(-16);43;8;25;0.32;1;6;0.167;9;9;1;3;11;14;5;1;1;1;26;21.3
40;21/01/1997;33-339;6;26;W ;(+1);43;18;30;0.6;5;8;0.625;10;11;0.909;1;3;4;4;2;0;2;51;40.8
41;23/01/1997;33-341;6;8;W ;(+16);39;10;24;0.417;1;5;0.2;11;12;0.917;1;8;9;0;1;0;4;32;18.1
42;25/01/1997;33-343;6;35;W ;(+12);31;10;16;0.625;3;4;0.75;1;2;0.5;1;2;3;4;2;0;0;24;22.1
43;28/01/1997;33-346;6;37;W ;(+15);32;12;19;0.632;1;3;0.333;3;4;0.75;1;3;4;3;4;0;2;28;24.4
44;30/01/1997;33-348;6;32;W ;(+18);40;11;19;0.579;1;5;0.2;9;10;0.9;0;6;6;2;3;0;2;32;25.7
45;31/01/1997;33-349;6;12;W ;(+23);32;8;17;0.471;1;6;0.167;1;1;1;0;4;4;8;3;0;2;18;16.3
46;02/02/1997;33-351;6;34;W ;(+7);45;19;28;0.679;2;3;0.667;5;6;0.833;3;4;7;3;1;0;1;45;37.2
47;04/02/1997;33-353;6;31;W ;(+4);41;15;30;0.5;1;4;0.25;5;5;1;1;4;5;2;1;2;0;36;25.5
48;05/02/1997;33-354;6;17;L ;(-16);40;10;24;0.417;2;5;0.4;5;6;0.833;1;3;4;4;1;1;2;27;17.5
49;11/02/1997;33-360;6;5;W ;(+3);42;16;24;0.667;1;2;0.5;10;14;0.714;0;5;5;4;3;0;5;43;32.5
50;14/02/1997;33-363;6;1;W ;(+1);45;13;28;0.464;1;2;0.5;3;5;0.6;3;5;8;4;2;0;4;30;19.2
51;16/02/1997;33-365;6;28;W ;(+21);38;8;20;0.4;3;4;0.75;0;0;;1;7;8;10;4;0;2;19;18.8
52;18/02/1997;34-001;6;10;W ;(+11);32;10;18;0.556;1;3;0.333;3;4;0.75;2;3;5;12;3;0;0;24;27.5
53;21/02/1997;34-004;6;39;W ;(+4);45;13;28;0.464;3;4;0.75;7;12;0.583;1;3;4;4;1;0;2;36;22.2
54;22/02/1997;34-005;6;12;W ;(+33);31;13;19;0.684;5;8;0.625;3;4;0.75;1;4;5;1;3;0;2;34;28.7
55;24/02/1997;34-007;6;31;W ;(+27);30;13;27;0.481;3;7;0.429;8;9;0.889;1;3;4;3;0;0;1;37;25.2
56;27/02/1997;34-010;6;8;L ;(-3);43;7;25;0.28;0;3;0;9;9;1;1;7;8;4;0;0;2;23;11.1
57;28/02/1997;34-011;6;32;W ;(+18);35;13;20;0.65;5;7;0.714;4;5;0.8;1;8;9;6;1;1;2;35;32
58;03/03/1997;34-014;6;20;W ;(+18);36;11;19;0.579;3;7;0.429;6;6;1;0;3;3;6;2;0;2;31;26.4
59;05/03/1997;34-016;6;33;W ;(+42);23;7;17;0.412;1;4;0.25;1;2;0.5;1;1;2;4;2;0;0;16;11.9
60;07/03/1997;34-018;6;14;W ;(+8);44;11;21;0.524;1;3;0.333;15;17;0.882;1;3;4;5;2;1;4;38;29.5
61;09/03/1997;34-020;6;26;L ;(-4);46;14;31;0.452;0;3;0;8;9;0.889;2;4;6;4;1;0;1;36;24.1
62;11/03/1997;34-022;6;2;W ;(+11);43;13;23;0.565;1;3;0.333;5;6;0.833;0;4;4;9;3;0;2;32;28.4
63;12/03/1997;34-023;6;29;W ;(+4);37;9;24;0.375;1;4;0.25;4;5;0.8;0;5;5;3;2;1;4;23;10.9
64;14/03/1997;34-025;6;22;L ;(-1);39;16;34;0.471;1;3;0.333;3;5;0.6;2;6;8;5;0;1;1;36;23.8
65;15/03/1997;34-026;6;1;W ;(+20);29;5;11;0.455;0;1;0;0;0;;1;3;4;3;1;2;3;10;7
66;18/03/1997;34-029;6;34;W ;(+2);50;10;28;0.357;0;4;0;12;13;0.923;8;10;18;2;0;0;8;32;16.8
67;21/03/1997;34-032;6;14;W ;(+19);40;11;25;0.44;1;3;0.333;13;14;0.929;4;2;6;4;2;1;2;36;29.4
68;22/03/1997;34-033;6;11;W ;(+15);35;8;20;0.4;3;6;0.5;4;4;1;2;3;5;7;2;1;0;23;20.9
69;25/03/1997;34-036;6;9;W ;(+2);36;9;20;0.45;0;1;0;2;2;1;0;1;1;3;3;0;2;20;11.8
70;27/03/1997;34-038;6;35;W ;(+13);41;5;17;0.294;0;0;;2;3;0.667;3;7;10;4;0;2;6;12;3.3
71;29/03/1997;34-040;6;22;W ;(+10);39;9;21;0.429;1;2;0.5;2;3;0.667;2;4;6;10;0;2;0;21;19.3
72;01/04/1997;34-043;6;2;W ;(+5);27;8;11;0.727;0;0;;5;9;0.556;0;8;8;2;2;0;2;21;18.3
73;03/04/1997;34-045;6;39;L ;(-8);39;14;30;0.467;1;4;0.25;5;6;0.833;0;1;1;6;2;1;2;34;22.6
74;04/04/1997;34-046;6;8;W ;(+13);38;9;16;0.563;0;1;0;4;5;0.8;1;4;5;3;1;2;0;22;19.6
75;06/04/1997;34-048;6;28;W ;(+16);40;13;22;0.591;3;6;0.5;8;9;0.889;2;6;8;5;3;1;4;37;31.6
76;07/04/1997;34-049;6;29;W ;(+26);30;13;25;0.52;3;4;0.75;1;2;0.5;3;5;8;2;3;2;2;30;24.3
77;09/04/1997;34-051;6;14;W ;(+6);41;8;19;0.421;0;3;0;7;8;0.875;0;3;3;2;5;0;6;23;13
78;10/04/1997;34-052;6;26;W ;(+2);44;12;26;0.462;1;3;0.333;9;10;0.9;1;7;8;6;1;1;3;34;24.7
79;13/04/1997;34-055;6;11;L ;(-17);38;7;16;0.438;0;3;0;4;4;1;1;8;9;7;0;0;4;18;13.2
80;14/04/1997;34-056;6;35;W ;(+17);35;12;24;0.5;4;7;0.571;2;2;1;2;9;11;10;3;1;2;30;30
81;16/04/1997;34-058;6;19;L ;(-10);39;11;27;0.407;2;5;0.4;2;4;0.5;1;7;8;3;0;1;3;26;11.3
82;19/04/1997;34-061;6;26;L ;(-2);39;14;22;0.636;1;1;1;4;8;0.5;0;3;3;3;2;0;4;33;21
1;31/10/1997;34-256;6;2;L ;(-7);42;7;23;0.304;0;0;;16;21;0.762;1;5;6;4;2;1;3;30;18.6
2;01/11/1997;34-257;6;29;W ;(+20);24;7;14;0.5;0;0;;2;2;1;1;6;7;2;2;0;3;16;10.7
3;03/11/1997;34-259;6;33;W ;(+4);48;12;39;0.308;1;4;0.25;4;6;0.667;4;9;13;4;5;2;3;29;17.4
4;05/11/1997;34-261;6;28;W ;(+13);41;11;25;0.44;0;3;0;7;9;0.778;4;13;17;4;0;0;0;29;23.8
5;07/11/1997;34-263;6;1;L ;(-2);40;11;25;0.44;0;1;0;5;7;0.714;1;8;9;6;1;0;2;27;19
6;08/11/1997;34-264;6;22;W ;(+13);33;5;13;0.385;0;1;0;5;8;0.625;1;4;5;2;2;0;2;15;8.8
7;11/11/1997;34-267;6;8;L ;(-21);34;7;17;0.412;0;1;0;5;7;0.714;2;4;6;1;1;0;3;19;10
8;12/11/1997;34-268;6;38;L ;(-7);40;10;28;0.357;0;2;0;8;12;0.667;2;5;7;3;4;2;5;28;15.8
9;14/11/1997;34-270;6;5;W ;(+13);38;12;24;0.5;2;2;1;2;2;1;1;3;4;7;1;1;2;28;22.2
10;15/11/1997;34-271;6;8;W ;(+9);39;11;26;0.423;1;1;1;4;7;0.571;0;2;2;4;2;0;5;27;11.6
11;20/11/1997;34-276;6;30;L ;(-4);41;13;27;0.481;0;1;0;4;6;0.667;1;5;6;3;1;0;3;30;17.8
12;21/11/1997;34-277;6;16;W ;(+9);52;18;38;0.474;0;2;0;13;19;0.684;2;3;5;5;1;1;4;49;29.5
13;23/11/1997;34-279;6;32;W ;(+15);41;11;19;0.579;0;0;;11;12;0.917;1;2;3;5;2;1;2;33;28.8
14;25/11/1997;34-281;6;34;L ;(-1);38;11;25;0.44;0;2;0;4;6;0.667;2;4;6;5;5;0;3;26;19.8
15;28/11/1997;34-284;6;14;L ;(-11);42;11;26;0.423;0;2;0;4;8;0.5;1;6;7;2;2;0;1;26;14.3
16;29/11/1997;34-285;6;38;W ;(+5);37;10;21;0.476;1;1;1;8;12;0.667;0;4;4;3;2;0;2;29;18.8
17;03/12/1997;34-289;6;2;W ;(+10);40;11;21;0.524;1;3;0.333;6;8;0.75;4;5;9;5;2;1;7;29;20.6
18;05/12/1997;34-291;6;20;W ;(+22);35;4;16;0.25;0;3;0;5;6;0.833;3;6;9;2;1;0;1;13;7.1
19;09/12/1997;34-295;6;26;W ;(+18);37;10;23;0.435;0;0;;9;9;1;1;3;4;4;1;0;4;29;16.7
20;10/12/1997;34-296;6;28;L ;(-8);37;6;17;0.353;0;1;0;13;13;1;1;1;2;5;1;0;3;25;16.8
21;12/12/1997;34-298;6;5;L ;(-2);41;12;24;0.5;0;0;;4;6;0.667;3;6;9;5;0;0;4;28;17.8
22;13/12/1997;34-299;6;35;W ;(+27);27;4;16;0.25;0;0;;3;4;0.75;3;3;6;2;2;0;0;11;7.4
23;15/12/1997;34-301;6;30;W ;(+7);36;10;23;0.435;0;1;0;11;12;0.917;3;6;9;4;4;1;2;31;27.1
24;17/12/1997;34-303;6;17;W ;(+21);35;12;22;0.545;1;2;0.5;11;12;0.917;2;3;5;4;1;1;4;36;26.2
25;20/12/1997;34-306;6;22;W ;(+8);42;10;23;0.435;0;0;;4;5;0.8;3;2;5;3;0;2;2;24;14.9
26;23/12/1997;34-309;6;16;W ;(+5);40;9;24;0.375;0;1;0;9;12;0.75;7;5;12;4;0;1;2;27;20.5
27;25/12/1997;34-311;6;19;W ;(+10);38;8;20;0.4;0;1;0;8;12;0.667;4;7;11;4;2;0;3;24;18.3
28;27/12/1997;34-313;6;1;W ;(+7);36;18;26;0.692;0;0;;11;13;0.846;2;2;4;2;3;1;4;47;37.5
29;29/12/1997;34-315;6;9;W ;(+6);41;16;29;0.552;0;1;0;9;11;0.818;1;6;7;0;0;2;2;41;27.8
30;30/12/1997;34-316;6;21;L ;(-4);39;11;28;0.393;1;3;0.333;10;13;0.769;0;4;4;1;0;0;3;33;15.1
31;02/01/1998;34-319;6;20;W ;(+14);43;15;22;0.682;1;1;1;13;15;0.867;1;4;5;1;2;0;0;44;38
32;03/01/1998;34-320;6;11;W ;(+9);47;12;25;0.48;0;1;0;10;11;0.909;0;9;9;9;1;2;4;34;27.5
33;06/01/1998;34-323;6;2;W ;(+11);41;5;13;0.385;0;1;0;9;12;0.75;1;2;3;4;3;0;3;19;14.8
34;07/01/1998;34-324;6;19;L ;(-27);37;12;27;0.444;1;2;0.5;1;3;0.333;2;2;4;1;1;0;1;26;13.8
35;09/01/1998;34-326;6;26;W ;(+1);41;17;33;0.515;1;4;0.25;9;10;0.9;1;3;4;2;3;1;1;44;31.8
36;10/01/1998;34-327;6;12;W ;(+5);38;13;31;0.419;0;1;0;6;10;0.6;4;2;6;3;0;0;1;32;18.4
37;13/01/1998;34-330;6;34;W ;(+10);38;12;27;0.444;0;2;0;16;18;0.889;1;0;1;2;0;0;1;40;24.2
38;15/01/1998;34-332;6;29;L ;(-10);38;9;23;0.391;0;1;0;2;4;0.5;2;7;9;4;2;0;4;20;10.6
39;16/01/1998;34-333;6;20;W ;(+10);40;10;20;0.5;1;1;1;6;7;0.857;0;8;8;2;1;1;3;27;17.9
40;18/01/1998;34-335;6;13;W ;(+6);41;16;29;0.552;2;2;1;11;12;0.917;0;3;3;3;3;1;4;45;32.6
41;21/01/1998;34-338;6;5;W ;(+31);31;14;23;0.609;1;3;0.333;4;4;1;1;4;5;6;3;1;1;33;30.5
42;23/01/1998;34-340;6;22;W ;(+2);44;10;23;0.435;0;1;0;12;13;0.923;0;5;5;1;1;1;4;32;18.6
43;25/01/1998;34-342;6;36;L ;(-7);44;13;26;0.5;0;4;0;6;7;0.857;3;2;5;7;2;0;3;32;23.6
44;27/01/1998;34-344;6;37;W ;(+18);32;7;15;0.467;0;0;;6;6;1;0;0;0;3;1;1;1;20;15.1
45;29/01/1998;34-346;6;31;W ;(+13);39;11;24;0.458;0;1;0;7;7;1;1;4;5;4;1;0;0;29;21.9
46;30/01/1998;34-347;6;12;W ;(+7);41;2;17;0.118;0;0;;10;11;0.909;3;5;8;3;3;1;2;14;9.9
47;01/02/1998;34-349;6;17;L ;(-25);37;11;26;0.423;0;1;0;9;12;0.75;0;5;5;2;1;0;1;31;18.9
48;02/02/1998;34-350;6;10;W ;(+39);33;6;12;0.5;0;0;;3;4;0.75;1;5;6;3;1;0;0;15;13.5
49;04/02/1998;34-352;6;36;L ;(-8);43;17;37;0.459;1;5;0.2;5;6;0.833;2;5;7;3;2;1;1;40;26.4
50;10/02/1998;34-358;6;35;W ;(+7);34;8;21;0.381;0;3;0;2;5;0.4;2;3;5;1;2;0;2;18;7.9
51;11/02/1998;34-359;6;5;W ;(+2);41;11;22;0.5;0;0;;7;9;0.778;1;3;4;6;0;0;1;29;21.2
52;13/02/1998;34-361;6;1;W ;(+2);36;14;22;0.636;0;1;0;9;12;0.75;3;4;7;1;1;0;2;37;29
53;15/02/1998;34-363;6;11;W ;(+9);41;7;17;0.412;0;1;0;7;8;0.875;1;11;12;5;3;0;3;21;17.8
54;17/02/1998;35-000;6;14;W ;(+8);39;13;23;0.565;0;2;0;1;3;0.333;2;2;4;6;1;1;2;27;19.6
55;19/02/1998;35-002;6;35;W ;(+37);28;5;9;0.556;1;2;0.5;5;6;0.833;0;4;4;5;0;0;1;16;14.2
56;21/02/1998;35-004;6;38;W ;(+6);42;8;23;0.348;0;0;;3;5;0.6;3;5;8;3;1;2;1;19;11.2
57;23/02/1998;35-006;6;8;W ;(+22);29;7;14;0.5;0;1;0;3;4;0.75;2;5;7;6;0;1;2;17;14.2
58;25/02/1998;35-008;6;31;L ;(-5);42;9;26;0.346;0;2;0;15;17;0.882;1;3;4;3;4;1;3;33;22.2
59;28/02/1998;35-011;6;32;W ;(+15);39;10;17;0.588;0;1;0;8;9;0.889;1;1;2;2;0;0;2;28;19.7
60;03/03/1998;35-014;6;10;W ;(+28);40;12;19;0.632;0;0;;6;6;1;0;7;7;2;2;0;2;30;24.6
61;08/03/1998;35-019;6;26;W ;(+13);43;17;33;0.515;1;2;0.5;7;9;0.778;3;5;8;6;3;1;2;42;34
62;10/03/1998;35-021;6;19;W ;(+15);39;17;30;0.567;1;2;0.5;2;2;1;0;4;4;4;1;1;1;37;26.7
63;12/03/1998;35-023;6;9;L ;(-7);47;10;24;0.417;1;3;0.333;5;11;0.455;4;3;7;3;1;1;1;26;15.7
64;14/03/1998;35-025;6;33;W ;(+10);42;12;22;0.545;0;0;;6;7;0.857;2;3;5;3;2;1;3;30;22.3
65;16/03/1998;35-027;6;22;W ;(+16);33;6;15;0.4;0;1;0;5;8;0.625;2;5;7;1;1;0;4;17;7.9
66;17/03/1998;35-028;6;14;W ;(+6);42;14;28;0.5;1;3;0.333;6;9;0.667;1;3;4;2;1;0;2;35;21.4
67;20/03/1998;35-031;6;37;W ;(+6);39;8;13;0.615;1;2;0.5;7;10;0.7;0;4;4;3;0;1;3;24;17.5
68;22/03/1998;35-033;6;35;W ;(+2);41;13;28;0.464;0;2;0;7;7;1;0;4;4;3;5;3;2;33;25.8
69;23/03/1998;35-034;6;2;W ;(+23);36;11;22;0.5;0;1;0;2;2;1;1;6;7;2;2;1;2;24;17.2
70;25/03/1998;35-036;6;28;W ;(+15);38;8;21;0.381;1;3;0.333;0;1;0;2;5;7;8;5;0;0;17;17.8
71;27/03/1998;35-038;6;1;W ;(+15);43;13;26;0.5;0;0;;8;12;0.667;1;4;5;4;0;1;2;34;21.6
72;29/03/1998;35-040;6;20;W ;(+17);35;13;24;0.542;0;1;0;4;5;0.8;1;1;2;0;2;0;0;30;19.8
73;31/03/1998;35-042;6;11;W ;(+5);47;11;26;0.423;0;2;0;4;4;1;1;2;3;8;4;2;4;26;18.5
74;03/04/1998;35-045;6;21;W ;(+14);38;16;25;0.64;2;6;0.333;7;8;0.875;3;3;6;4;1;0;0;41;35.9
75;05/04/1998;35-047;6;13;W ;(+15);37;18;31;0.581;0;0;;4;4;1;2;2;4;3;3;0;2;40;29.4
76;07/04/1998;35-049;6;38;W ;(+18);33;11;21;0.524;1;2;0.5;7;8;0.875;1;3;4;3;1;1;2;30;22.7
77;09/04/1998;35-051;6;8;L ;(-6);37;10;24;0.417;0;2;0;9;12;0.75;0;6;6;4;0;0;4;29;14.4
78;11/04/1998;35-053;6;28;W ;(+9);35;15;25;0.6;3;5;0.6;4;10;0.4;1;3;4;2;4;0;0;37;29.3
79;13/04/1998;35-055;6;14;L ;(-9);41;7;19;0.368;1;1;1;12;14;0.857;0;4;4;3;3;0;4;27;18
80;15/04/1998;35-057;6;11;L ;(-8);43;7;25;0.28;0;3;0;5;10;0.5;4;2;6;4;1;0;2;19;5.9
81;17/04/1998;35-059;6;29;W ;(+7);39;9;19;0.474;0;2;0;6;8;0.75;1;5;6;2;5;0;4;24;16.1
82;18/04/1998;35-060;6;26;W ;(+2);40;11;24;0.458;0;0;;22;24;0.917;0;3;3;3;1;0;1;44;33.4
1;30/10/2001;38-255;38;26;L ;(-2);37;7;21;0.333;0;3;0;5;6;0.833;3;2;5;6;4;0;3;19;13.4
2;01/11/2001;38-257;38;1;W ;(+10);40;13;30;0.433;0;3;0;5;6;0.833;0;6;6;6;2;0;1;31;21
3;03/11/2001;38-259;38;29;W ;(+14);38;7;21;0.333;0;0;;6;9;0.667;2;4;6;9;2;1;2;20;16.1
4;04/11/2001;38-260;38;11;L ;(-22);22;8;18;0.444;0;0;;3;3;1;0;8;8;2;1;0;1;19;13
5;07/11/2001;38-263;38;2;L ;(-9);41;12;26;0.462;0;1;0;8;10;0.8;2;6;8;2;2;0;5;32;18.6
6;09/11/2001;38-265;38;12;L ;(-9);38;13;30;0.433;0;1;0;6;8;0.75;0;3;3;3;3;0;3;32;17.2
7;11/11/2001;38-267;38;34;L ;(-15);39;5;26;0.192;0;1;0;6;6;1;3;9;12;4;1;2;1;16;7.2
8;14/11/2001;38-270;38;20;L ;(-9);41;12;24;0.5;0;1;0;7;8;0.875;1;3;4;3;2;1;3;31;20.8
9;16/11/2001;38-272;38;36;L ;(-9);41;17;33;0.515;1;2;0.5;9;11;0.818;3;4;7;3;1;0;0;44;33.3
10;20/11/2001;38-276;38;5;L ;(-7);41;13;23;0.565;1;2;0.5;3;4;0.75;0;4;4;6;2;0;5;30;19.5
11;22/11/2001;38-278;38;14;L ;(-7);40;8;26;0.308;0;1;0;5;5;1;0;5;5;6;2;1;3;21;11
12;24/11/2001;38-280;38;2;W ;(+4);45;7;24;0.292;0;1;0;3;3;1;1;10;11;6;1;0;2;17;8.7
13;27/11/2001;38-283;38;8;L ;(-19);31;9;24;0.375;0;0;;0;0;;1;3;4;5;1;0;0;18;10.1
14;28/11/2001;38-284;38;29;W ;(+7);38;11;27;0.407;0;1;0;8;10;0.8;0;6;6;7;5;1;1;30;25.3
15;30/11/2001;38-286;38;19;W ;(+9);38;10;20;0.5;0;1;0;2;3;0.667;1;6;7;5;0;0;2;22;14.8
16;01/12/2001;38-287;38;28;L ;(-9);33;6;19;0.316;0;0;;3;3;1;0;7;7;7;0;2;2;15;8.9
17;06/12/2001;38-292;38;13;W ;(+3);33;9;23;0.391;0;0;;0;0;;0;6;6;7;0;0;4;18;7.4
18;08/12/2001;38-294;38;9;W ;(+7);35;7;21;0.333;0;1;0;7;9;0.778;2;10;12;4;4;0;1;21;17.3
19;11/12/2001;38-297;38;18;W ;(+10);31;8;19;0.421;0;1;0;0;0;;0;6;6;9;0;0;0;16;13.2
20;12/12/2001;38-298;38;19;W ;(+2);34;9;23;0.391;0;1;0;7;11;0.636;0;6;6;7;1;1;1;25;18.3
21;14/12/2001;38-300;38;26;W ;(+16);34;8;19;0.421;0;1;0;3;3;1;0;6;6;6;1;2;5;19;10.7
22;16/12/2001;38-302;38;35;W ;(+5);36;8;21;0.381;0;0;;5;6;0.833;2;2;4;3;3;0;4;21;11
23;19/12/2001;38-305;38;1;W ;(+27);27;11;19;0.579;0;1;0;1;1;1;1;3;4;6;1;1;2;23;18.8
24;21/12/2001;38-307;38;28;W ;(+18);34;3;16;0.188;0;0;;6;6;1;3;3;6;8;1;0;3;12;8.2
25;22/12/2001;38-308;38;26;W ;(+1);36;11;22;0.5;0;0;;4;7;0.571;0;1;1;3;1;0;4;26;12.4
26;26/12/2001;38-312;38;5;L ;(-6);35;11;28;0.393;1;2;0.5;5;6;0.833;1;3;4;7;1;0;3;28;15.3
27;27/12/2001;38-313;38;14;L ;(-27);25;2;10;0.2;1;2;0.5;1;2;0.5;2;2;4;4;0;0;4;6;-0.2
28;29/12/2001;38-315;38;5;W ;(+17);38;21;38;0.553;0;2;0;9;10;0.9;2;5;7;4;3;0;4;51;35.9
29;31/12/2001;38-317;38;22;W ;(+22);39;16;32;0.5;1;3;0.333;12;13;0.923;0;10;10;7;3;0;3;45;35.7
30;04/01/2002;38-321;38;6;W ;(+6);38;9;24;0.375;0;2;0;11;13;0.846;0;7;7;3;2;2;5;29;16
31;08/01/2002;38-325;38;16;W ;(+8);42;9;24;0.375;0;0;;0;1;0;2;8;10;8;1;0;4;18;10.4
32;11/01/2002;38-328;38;20;L ;(-19);33;10;24;0.417;0;0;;2;4;0.5;0;3;3;3;1;0;6;22;5.6
33;12/01/2002;38-329;38;21;L ;(-8);40;14;30;0.467;0;0;;7;7;1;0;6;6;4;1;1;5;35;20.1
34;15/01/2002;38-332;38;33;L ;(-5);40;5;21;0.238;0;0;;10;16;0.625;0;1;1;4;0;1;4;20;4.7
35;16/01/2002;38-333;38;22;L ;(-44);18;4;14;0.286;0;0;;2;2;1;0;2;2;1;1;1;1;10;3.4
36;19/01/2002;38-336;38;6;W ;(+8);41;7;21;0.333;0;2;0;2;6;0.333;0;12;12;4;2;2;9;16;1.7
37;21/01/2002;38-338;38;21;L ;(-4);39;12;34;0.353;1;4;0.25;4;5;0.8;4;10;14;3;0;0;1;29;16.1
38;22/01/2002;38-339;38;29;L ;(-7);42;14;27;0.519;1;2;0.5;1;1;1;2;6;8;6;2;1;5;30;20.2
39;24/01/2002;38-341;38;8;W ;(+9);40;18;29;0.621;0;0;;4;7;0.571;1;7;8;2;2;0;0;40;31.1
40;26/01/2002;38-343;38;30;W ;(+10);40;17;30;0.567;0;0;;7;9;0.778;2;2;4;7;2;0;2;41;32.1
41;29/01/2002;38-346;38;11;L ;(-3);42;13;30;0.433;0;0;;6;8;0.75;0;5;5;7;2;0;3;32;20.8
42;31/01/2002;38-348;38;8;W ;(+1);40;11;27;0.407;0;1;0;4;4;1;1;4;5;8;1;0;4;26;16
43;01/02/2002;38-349;38;1;W ;(+7);38;10;24;0.417;0;1;0;8;10;0.8;0;4;4;8;2;2;1;28;22.8
44;03/02/2002;38-351;38;14;W ;(+20);41;11;19;0.579;1;1;1;0;0;;1;4;5;6;0;0;0;23;19.4
45;05/02/2002;38-353;38;35;W ;(+5);40;10;21;0.476;0;1;0;3;4;0.75;1;6;7;5;0;0;2;23;14.7
46;07/02/2002;38-355;38;32;W ;(+7);41;12;30;0.4;0;1;0;1;1;1;2;4;6;9;1;0;1;25;16.9
47;12/02/2002;38-360;38;17;L ;(-9);41;8;20;0.4;0;0;;6;8;0.75;0;5;5;6;2;1;4;22;14.4
48;14/02/2002;38-362;38;32;L ;(-16);33;6;18;0.333;0;0;;4;6;0.667;0;1;1;4;1;0;3;16;6.1
49;15/02/2002;38-363;38;30;W ;(+1);37;7;19;0.368;0;0;;8;9;0.889;0;6;6;4;2;2;5;22;13.3
50;18/02/2002;39-001;38;13;L ;(-13);36;5;12;0.417;0;1;0;1;2;0.5;1;5;6;11;0;0;2;11;11.3
51;21/02/2002;39-004;38;22;L ;(-11);37;7;17;0.412;0;1;0;2;2;1;0;5;5;6;3;0;4;16;10.8
52;23/02/2002;39-006;38;19;L ;(-2);37;13;25;0.52;1;1;1;10;12;0.833;1;4;5;7;0;0;4;37;25.5
53;24/02/2002;39-007;38;19;L ;(-12);30;4;13;0.308;1;2;0.5;0;1;0;0;5;5;6;3;0;6;9;3
54;20/03/2002;39-031;38;10;W ;(+32);16;2;9;0.222;0;0;;3;3;1;0;1;1;2;2;0;2;7;3.2
55;21/03/2002;39-032;38;36;L ;(-15);22;4;12;0.333;0;0;;3;4;0.75;0;4;4;4;1;0;1;11;7.8
56;24/03/2002;39-035;38;35;L ;(-1);22;6;17;0.353;0;0;;2;2;1;0;3;3;2;2;0;3;14;4.2
57;26/03/2002;39-037;38;10;W ;(+16);20;4;9;0.444;0;1;0;1;3;0.333;1;2;3;6;0;0;1;9;7.2
58;29/03/2002;39-040;38;20;W ;(+9);26;12;22;0.545;0;0;;10;12;0.833;0;3;3;1;0;0;0;34;23.8
59;31/03/2002;39-042;38;9;L ;(-7);28;4;14;0.286;0;0;;2;2;1;1;2;3;5;1;1;2;10;5.9
60;02/04/2002;39-044;38;17;L ;(-20);12;1;5;0.2;0;0;;0;0;;0;3;3;3;0;0;0;2;1.5
1;30/10/2002;39-255;38;35;L ;(-6);25;4;14;0.286;0;0;;0;2;0;0;3;3;1;3;0;2;8;0.4
2;31/10/2002;39-256;38;2;W ;(+45);21;8;15;0.533;0;0;;5;5;1;0;4;4;5;2;1;0;21;20.7
3;02/11/2002;39-258;38;22;L ;(-8);27;7;16;0.438;1;2;0.5;6;8;0.75;0;2;2;2;2;0;0;21;15
4;05/11/2002;39-261;38;21;L ;(-4);29;5;14;0.357;0;0;;0;0;;0;2;2;1;1;0;1;10;2.7
5;06/11/2002;39-262;38;8;W ;(+7);24;2;6;0.333;0;1;0;2;3;0.667;1;2;3;4;3;0;1;6;7.1
6;08/11/2002;39-264;38;17;W ;(+1);30;9;14;0.643;0;0;;7;12;0.583;0;3;3;3;2;0;2;25;18.2
7;09/11/2002;39-265;38;8;W ;(+14);31;5;11;0.455;0;1;0;2;2;1;2;6;8;6;0;2;0;12;13.9
8;12/11/2002;39-268;38;34;L ;(-6);31;13;22;0.591;0;0;;1;2;0.5;1;5;6;4;1;1;4;27;18.7
9;14/11/2002;39-270;38;36;W ;(+3);34;7;17;0.412;0;1;0;5;5;1;0;6;6;1;1;0;3;19;8.8
10;16/11/2002;39-272;38;19;W ;(+30);19;4;5;0.8;0;0;;0;0;;0;5;5;2;2;0;1;8;8.8
11;17/11/2002;39-273;38;29;L ;(-16);28;9;16;0.563;1;2;0.5;0;0;;0;2;2;3;1;0;5;19;9.7
12;22/11/2002;39-278;38;13;L ;(-7);30;4;15;0.267;0;0;;0;0;;0;2;2;1;0;0;1;8;-1.4
13;23/11/2002;39-279;38;18;L ;(-11);32;9;18;0.5;0;0;;2;2;1;2;4;6;5;2;0;3;20;15.7
14;26/11/2002;39-282;38;14;L ;(-4);34;10;21;0.476;3;3;1;5;8;0.625;0;1;1;2;3;0;1;28;19
15;29/11/2002;39-285;38;14;L ;(-16);30;6;15;0.4;0;1;0;2;2;1;0;4;4;1;1;0;1;14;7
16;30/11/2002;39-286;38;29;L ;(-1);37;8;20;0.4;0;2;0;0;0;;1;3;4;2;0;1;2;16;5.7
17;03/12/2002;39-289;38;20;W ;(+25);30;9;20;0.45;0;0;;7;8;0.875;0;7;7;4;0;0;1;25;17.7
18;04/12/2002;39-290;38;11;W ;(+5);39;5;14;0.357;0;0;;11;16;0.688;2;7;9;4;6;2;3;21;21.1
19;06/12/2002;39-292;38;28;L ;(-10);39;7;21;0.333;0;0;;2;2;1;1;5;6;0;0;0;3;16;2.1
20;07/12/2002;39-293;38;26;W ;(+3);37;9;18;0.5;0;1;0;2;4;0.5;0;9;9;2;3;0;2;20;14.1
21;10/12/2002;39-296;38;31;L ;(-19);29;6;10;0.6;0;0;;2;2;1;2;3;5;1;1;1;1;14;13.1
22;13/12/2002;39-299;38;22;L ;(-14);40;5;20;0.25;0;0;;2;2;1;0;5;5;4;2;0;4;12;1.5
23;15/12/2002;39-301;38;35;W ;(+13);40;1;9;0.111;0;0;;0;0;;2;6;8;9;2;1;0;2;7.5
24;17/12/2002;39-303;38;1;W ;(+10);38;12;18;0.667;0;0;;6;6;1;0;3;3;2;0;0;1;30;22.3
25;18/12/2002;39-304;38;18;W ;(+18);35;14;23;0.609;2;3;0.667;3;3;1;0;5;5;2;3;0;3;33;25.4
26;21/12/2002;39-307;38;33;L ;(-11);41;8;20;0.4;0;0;;0;0;;0;5;5;3;0;1;2;16;7.1
27;23/12/2002;39-309;38;9;L ;(-6);36;5;15;0.333;1;1;1;2;2;1;0;7;7;8;0;2;3;13;9.4
28;26/12/2002;39-312;38;11;L ;(-5);41;7;17;0.412;0;1;0;3;4;0.75;1;3;4;1;0;2;4;17;5.6
29;28/12/2002;39-314;38;1;W ;(+8);35;4;10;0.4;0;1;0;2;2;1;1;3;4;5;1;1;0;10;10.6
30;30/12/2002;39-316;38;28;L ;(-17);39;8;17;0.471;0;0;;5;5;1;0;8;8;9;3;0;4;21;18.4
31;31/12/2002;39-317;38;33;W ;(+2);35;7;15;0.467;1;1;1;2;2;1;1;6;7;3;1;0;2;17;12.5
32;02/01/2003;39-319;38;6;W ;(+25);30;4;11;0.364;0;2;0;2;2;1;1;4;5;5;2;0;3;10;7.9
33;04/01/2003;39-321;38;14;W ;(+3);53;14;26;0.538;3;4;0.75;10;12;0.833;3;9;12;4;3;0;2;41;35.4
34;06/01/2003;39-323;38;2;W ;(+5);40;7;18;0.389;0;2;0;5;5;1;0;11;11;7;4;0;4;19;16.6
35;08/01/2003;39-325;38;6;W ;(+3);33;5;13;0.385;0;0;;4;5;0.8;0;10;10;7;1;0;2;14;11.8
36;10/01/2003;39-327;38;12;L ;(-5);41;7;17;0.412;0;0;;0;0;;0;2;2;5;0;1;0;14;9.3
37;11/01/2003;39-328;38;26;W ;(+5);41;8;25;0.32;0;0;;7;9;0.778;5;5;10;3;1;0;2;23;13.2
38;14/01/2003;39-331;38;35;L ;(-9);41;8;23;0.348;0;0;;6;6;1;2;3;5;4;3;2;2;22;16.2
39;16/01/2003;39-333;38;28;W ;(+15);39;12;25;0.48;0;1;0;8;10;0.8;1;5;6;8;2;0;1;32;26.1
40;18/01/2003;39-335;38;29;L ;(-8);42;10;25;0.4;0;3;0;5;6;0.833;2;6;8;7;5;1;2;25;21.3
41;20/01/2003;39-337;38;10;W ;(+15);42;11;22;0.5;0;2;0;3;4;0.75;1;4;5;6;1;1;3;25;17.2
42;22/01/2003;39-339;38;23;L ;(-9);38;9;21;0.429;0;0;;0;0;;0;4;4;3;3;0;2;18;10.8
43;24/01/2003;39-341;38;6;L ;(-7);39;4;14;0.286;0;0;;3;4;0.75;2;3;5;3;1;1;1;11;6.7
44;25/01/2003;39-342;38;21;L ;(-8);41;8;18;0.444;0;1;0;1;2;0.5;0;8;8;5;2;1;4;17;11.8
45;27/01/2003;39-344;38;30;W ;(+5);38;9;14;0.643;0;0;;1;2;0.5;0;7;7;1;2;0;5;19;11.8
46;29/01/2003;39-346;38;22;L ;(-8);37;4;16;0.25;0;0;;0;0;;0;5;5;5;0;0;3;8;-0.4
47;30/01/2003;39-347;38;20;L ;(-7);39;11;24;0.458;0;1;0;2;3;0.667;2;2;4;4;1;0;2;24;14.6
48;01/02/2003;39-349;38;23;W ;(+5);44;18;33;0.545;0;0;;9;10;0.9;1;2;3;6;1;1;2;45;31.9
49;04/02/2003;39-352;38;8;W ;(+9);43;13;26;0.5;0;0;;1;1;1;0;4;4;8;4;1;2;27;22.3
50;11/02/2003;39-359;38;32;L ;(-19);31;5;19;0.263;0;0;;2;2;1;2;5;7;2;0;0;1;12;4
51;12/02/2003;39-360;38;16;W ;(+4);39;8;24;0.333;0;0;;7;9;0.778;2;4;6;12;2;1;2;23;17.9
52;14/02/2003;39-362;38;36;L ;(-32);29;3;12;0.25;0;0;;5;5;1;1;1;2;3;0;0;2;11;4.9
53;19/02/2003;40-002;38;23;L ;(-12);39;8;23;0.348;0;0;;4;6;0.667;3;3;6;2;0;2;3;20;9.1
54;21/02/2003;40-004;38;22;W ;(+3);43;18;30;0.6;0;0;;7;8;0.875;0;10;10;3;4;1;1;43;36.8
55;23/02/2003;40-006;38;9;L ;(-5);52;14;26;0.538;0;0;;2;2;1;2;7;9;3;2;1;6;30;18.5
56;25/02/2003;40-008;38;14;W ;(+5);41;11;25;0.44;0;0;;3;4;0.75;0;6;6;3;1;0;1;25;14.6
57;27/02/2003;40-010;38;13;W ;(+2);50;15;26;0.577;0;0;;5;7;0.714;0;11;11;6;0;0;3;35;25.3
58;01/03/2003;40-012;38;6;W ;(+8);43;7;18;0.389;0;2;0;3;4;0.75;0;8;8;8;0;0;2;17;12
59;02/03/2003;40-013;38;19;L ;(-10);39;9;27;0.333;0;1;0;3;3;1;1;7;8;2;1;3;0;21;12.2
60;04/03/2003;40-015;38;35;L ;(-3);15;2;5;0.4;0;0;;0;0;;1;2;3;2;0;0;3;4;0.6
61;05/03/2003;40-016;38;16;W ;(+19);24;4;14;0.286;0;0;;2;2;1;3;6;9;0;0;0;1;10;3.9
62;07/03/2003;40-018;38;20;L ;(-3);43;11;24;0.458;0;1;0;5;6;0.833;0;9;9;3;2;0;1;27;19.2
63;09/03/2003;40-020;38;26;L ;(-1);43;13;22;0.591;0;0;;13;15;0.867;1;7;8;1;1;0;3;39;28.3
64;11/03/2003;40-022;38;28;W ;(+1);40;10;18;0.556;0;0;;3;3;1;0;4;4;2;2;0;9;23;8.4
65;14/03/2003;40-025;38;11;L ;(-10);40;6;18;0.333;0;0;;3;4;0.75;1;4;5;4;2;1;0;15;11
66;15/03/2003;40-026;38;19;W ;(+7);39;9;18;0.5;0;1;0;1;1;1;2;6;8;1;2;2;3;19;13.1
67;18/03/2003;40-029;38;11;L ;(-4);50;10;25;0.4;0;1;0;3;4;0.75;1;10;11;3;0;0;2;23;12.1
68;21/03/2003;40-032;38;30;L ;(-26);36;4;12;0.333;0;1;0;6;6;1;2;3;5;2;1;1;2;14;10.6
69;23/03/2003;40-034;38;12;L ;(-6);42;11;23;0.478;1;1;1;1;1;1;0;5;5;4;2;0;3;24;14.8
70;25/03/2003;40-036;38;31;W ;(+4);41;11;19;0.579;0;0;;3;4;0.75;0;5;5;7;2;0;1;25;21.5
71;26/03/2003;40-037;38;34;W ;(+6);44;12;22;0.545;0;0;;2;3;0.667;1;9;10;4;2;1;4;26;18.7
72;28/03/2003;40-039;38;17;L ;(-14);41;10;20;0.5;0;0;;3;4;0.75;0;0;0;4;1;0;1;23;15
73;30/03/2003;40-041;38;10;L ;(-16);37;9;23;0.391;0;1;0;1;2;0.5;1;4;5;2;1;0;5;19;5
74;02/04/2003;40-044;38;32;L ;(-6);42;8;17;0.471;0;0;;1;2;0.5;0;1;1;4;0;0;1;17;9.2
75;03/04/2003;40-045;38;1;L ;(-2);43;10;23;0.435;0;1;0;2;2;1;1;13;14;7;2;0;0;22;20.6
76;06/04/2003;40-048;38;2;W ;(+1);47;10;22;0.455;1;1;1;4;4;1;2;11;13;7;2;0;2;25;22
77;08/04/2003;40-050;38;8;W ;(+9);46;10;19;0.526;1;1;1;5;5;1;3;7;10;3;3;1;1;26;25.7
78;09/04/2003;40-051;38;2;L ;(-4);43;8;17;0.471;1;2;0.5;4;4;1;0;10;10;1;2;0;1;21;16.2
79;11/04/2003;40-053;38;19;W ;(+4);40;11;26;0.423;0;1;0;3;3;1;1;1;2;4;2;0;1;25;15.2
80;12/04/2003;40-054;38;1;L ;(-1);30;8;16;0.5;0;0;;1;2;0.5;2;6;8;6;1;1;2;17;14.5
81;14/04/2003;40-056;38;26;L ;(-14);37;9;22;0.409;0;3;0;3;3;1;1;7;8;1;1;0;2;21;11.3
82;16/04/2003;40-058;38;29;L ;(-20);28;6;15;0.4;0;0;;3;4;0.75;0;4;4;4;0;0;2;15;8.5
